,Application ID,Updated Application ID
0,EX/1,EX/1
1,EX/10,EX/10
2,EX/100,EX/100
3,EX/101,EX/101
4,EX/102,EX/102
5,EX/103,EX/103
6,EX/105,EX/105
7,EX/106,EX/106
8,EX/107,EX/107
9,EX/108,EX/108
10,EX/109,EX/109
11,EX/11,EX/11
12,EX/113,EX/113
13,EX/114,EX/114
14,EX/115,EX/115
15,EX/116,EX/116
16,EX/117,EX/117
17,EX/118,EX/118
18,EX/119,EX/119
19,EX/12,EX/12
20,EX/120,EX/120
21,EX/121,EX/121
22,EX/122,EX/122
23,EX/123,EX/123
24,EX/124,EX/124
25,EX/125,EX/125
26,EX/126,EX/126
27,EX/127,EX/127
28,EX/128,EX/128
29,EX/129,EX/129
30,EX/13,EX/13
31,EX/130,EX/130
32,EX/131,EX/131
33,EX/132,EX/132
34,EX/133,EX/133
35,EX/134,EX/134
36,EX/135,EX/135
37,EX/136,EX/136
38,EX/137,EX/137
39,EX/138,EX/138
40,EX/139,EX/139
41,EX/14,EX/14
42,EX/140,EX/140
43,EX/141,EX/141
44,EX/142,EX/142
45,EX/143,EX/143
46,EX/144,EX/144
47,EX/145,EX/145
48,EX/146,EX/146
49,EX/147,EX/147
50,EX/148,EX/148
51,EX/149,EX/149
52,EX/15,EX/15
53,EX/150,EX/150
54,EX/151,EX/151
55,EX/152,EX/152
56,EX/153,EX/153
57,EX/154,EX/154
58,EX/155,EX/155
59,EX/156,EX/156
60,EX/157,EX/157
61,EX/158,EX/158
62,EX/159,EX/159
63,EX/16,EX/16
64,EX/160,EX/160
65,EX/161,EX/161
66,EX/162,EX/162
67,EX/163,EX/163
68,EX/164,EX/164
69,EX/165,EX/165
70,EX/166,EX/166
71,EX/167,EX/167
72,EX/168,EX/168
73,EX/169,EX/169
74,EX/17,EX/17
75,EX/170,EX/170
76,EX/171,EX/171
77,EX/172,EX/172
78,EX/173,EX/173
79,EX/174,EX/174
80,EX/175,EX/175
81,EX/177,EX/177
82,EX/178,EX/178
83,EX/18,EX/18
84,EX/180,EX/180
85,EX/181,EX/181
86,EX/182,EX/182
87,EX/183,EX/183
88,EX/184,EX/184
89,EX/185,EX/185
90,EX/186,EX/186
91,EX/187,EX/187
92,EX/188,EX/188
93,EX/189,EX/189
94,EX/19,EX/19
95,EX/190,EX/190
96,EX/192,EX/192
97,EX/195,EX/195
98,EX/196,EX/196
99,EX/197,EX/197
100,EX/199,EX/199
101,EX/2,EX/2
102,EX/20,EX/20
103,EX/200,EX/200
104,EX/201,EX/201
105,EX/203,EX/203
106,EX/204,EX/204
107,EX/205,EX/205
108,EX/206,EX/206
109,EX/207,EX/207
110,EX/208,EX/208
111,EX/209,EX/209
112,EX/21,EX/21
113,EX/210,EX/210
114,EX/211,EX/211
115,EX/212,EX/212
116,EX/213,EX/213
117,EX/214,EX/214
118,EX/215,EX/215
119,EX/216,EX/216
120,EX/217,EX/217
121,EX/218,EX/218
122,EX/219,EX/219
123,EX/22,EX/22
124,EX/220,EX/220
125,EX/221,EX/221
126,EX/222,EX/222
127,EX/223,EX/223
128,EX/224,EX/224
129,EX/227,EX/227
130,EX/228,EX/228
131,EX/229,EX/229
132,EX/23,EX/23
133,EX/230,EX/230
134,EX/231,EX/231
135,EX/232,EX/232
136,EX/234,EX/234
137,EX/235,EX/235
138,EX/236,EX/236
139,EX/24,EX/24
140,EX/25,EX/25
141,EX/26,EX/26
142,EX/27,EX/27
143,EX/28,EX/28
144,EX/29,EX/29
145,EX/3,EX/3
146,EX/30,EX/30
147,EX/31,EX/31
148,EX/32,EX/32
149,EX/33,EX/33
150,EX/34,EX/34
151,EX/35,EX/35
152,EX/38,EX/38
153,EX/39,EX/39
154,EX/4,EX/4
155,EX/40,EX/40
156,EX/41,EX/41
157,EX/42,EX/42
158,EX/43,EX/43
159,EX/44,EX/44
160,EX/45,EX/45
161,EX/46,EX/46
162,EX/47,EX/47
163,EX/48,EX/48
164,EX/49,EX/49
165,EX/5,EX/5
166,EX/50,EX/50
167,EX/51,EX/51
168,EX/52,EX/52
169,EX/53,EX/53
170,EX/54,EX/54
171,EX/55,EX/55
172,EX/56,EX/56
173,EX/57,EX/57
174,EX/58,EX/58
175,EX/59,EX/59
176,EX/6,EX/6
177,EX/60,EX/60
178,EX/61,EX/61
179,EX/62,EX/62
180,EX/63,EX/63
181,EX/64,EX/64
182,EX/65,EX/65
183,EX/66,EX/66
184,EX/67,EX/67
185,EX/68,EX/68
186,EX/69,EX/69
187,EX/7,EX/7
188,EX/70,EX/70
189,EX/71,EX/71
190,EX/72,EX/72
191,EX/73,EX/73
192,EX/74,EX/74
193,EX/75,EX/75
194,EX/77,EX/77
195,EX/78,EX/78
196,EX/79,EX/79
197,EX/8,EX/8
198,EX/80,EX/80
199,EX/81,EX/81
200,EX/82,EX/82
201,EX/83,EX/83
202,EX/84,EX/84
203,EX/85,EX/85
204,EX/86,EX/86
205,EX/87,EX/87
206,EX/88,EX/88
207,EX/89,EX/89
208,EX/9,EX/9
209,EX/90,EX/90
210,EX/91,EX/91
211,EX/92,EX/92
212,EX/93,EX/93
213,EX/94,EX/94
214,EX/95,EX/95
215,EX/96,EX/96
216,EX/97,EX/97
217,EX/98,EX/98
218,EX/99,EX/99
219,LTD/1,NA/1
220,LTD/100,NA/100
221,LTD/1000,LTD/1000
222,LTD/1001,LTD/1001
223,LTD/1002,LTD/1002
224,LTD/1003,LTD/1003
225,LTD/1004,LTD/1004
226,LTD/1005,LTD/1005
227,LTD/1006,LTD/1006
228,LTD/1007,LTD/1007
229,LTD/1008,LTD/1008
230,LTD/1009,LTD/1009
231,LTD/1010,LTD/1010
232,LTD/1011,LTD/1011
233,LTD/1012,LTD/1012
234,LTD/1013,LTD/1013
235,LTD/1014,LTD/1014
236,LTD/1015,LTD/1015
237,LTD/1016,LTD/1016
238,LTD/1017,LTD/1017
239,LTD/1018,LTD/1018
240,LTD/102,NA/102
241,LTD/1020,LTD/1020
242,LTD/1021,LTD/1021
243,LTD/1022,LTD/1022
244,LTD/1023,LTD/1023
245,LTD/1024,LTD/1024
246,LTD/1025,LTD/1025
247,LTD/1027,LTD/1027
248,LTD/1028,LTD/1028
249,LTD/1029,LTD/1029
250,LTD/103,NA/103
251,LTD/1030,LTD/1030
252,LTD/1031,LTD/1031
253,LTD/1032,LTD/1032
254,LTD/1033,LTD/1033
255,LTD/1034,LTD/1034
256,LTD/1035,LTD/1035
257,LTD/1037,LTD/1037
258,LTD/1038,LTD/1038
259,LTD/1039,LTD/1039
260,LTD/1040,LTD/1040
261,LTD/1041,LTD/1041
262,LTD/1042,LTD/1042
263,LTD/1043,LTD/1043
264,LTD/1044,LTD/1044
265,LTD/1045,LTD/1045
266,LTD/1046,LTD/1046
267,LTD/1047,LTD/1047
268,LTD/1048,LTD/1048
269,LTD/1049,LTD/1049
270,LTD/1052,LTD/1052
271,LTD/1053,LTD/1053
272,LTD/1054,LTD/1054
273,LTD/1055,LTD/1055
274,LTD/1056,LTD/1056
275,LTD/1057,LTD/1057
276,LTD/1058,LTD/1058
277,LTD/1059,LTD/1059
278,LTD/1060,LTD/1060
279,LTD/1061,LTD/1061
280,LTD/1062,LTD/1062
281,LTD/1063,LTD/1063
282,LTD/1064,LTD/1064
283,LTD/1065,LTD/1065
284,LTD/1066,LTD/1066
285,LTD/1067,LTD/1067
286,LTD/1068,LTD/1068
287,LTD/1069,LTD/1069
288,LTD/107,NA/107
289,LTD/1070,LTD/1070
290,LTD/1071,LTD/1071
291,LTD/1074,LTD/1074
292,LTD/1075,LTD/1075
293,LTD/1076,LTD/1076
294,LTD/1077,LTD/1077
295,LTD/1078,LTD/1078
296,LTD/1079,LTD/1079
297,LTD/108,NA/108
298,LTD/1081,LTD/1081
299,LTD/1082,LTD/1082
300,LTD/1083,LTD/1083
301,LTD/1085,LTD/1085
302,LTD/1086,LTD/1086
303,LTD/1088,LTD/1088
304,LTD/1089,LTD/1089
305,LTD/109,NA/109
306,LTD/1090,LTD/1090
307,LTD/1091,LTD/1091
308,LTD/1092,LTD/1092
309,LTD/1093,LTD/1093
310,LTD/1094,LTD/1094
311,LTD/1095,LTD/1095
312,LTD/1097,LTD/1097
313,LTD/1098,LTD/1098
314,LTD/1099,LTD/1099
315,LTD/11,NA/11
316,LTD/110,NA/110
317,LTD/1100,LTD/1100
318,LTD/1101,LTD/1101
319,LTD/1102,LTD/1102
320,LTD/1103,LTD/1103
321,LTD/1104,LTD/1104
322,LTD/1105,LTD/1105
323,LTD/1106,LTD/1106
324,LTD/1107,LTD/1107
325,LTD/1108,LTD/1108
326,LTD/1109,LTD/1109
327,LTD/111,NA/111
328,LTD/1110,LTD/1110
329,LTD/1111,LTD/1111
330,LTD/1112,LTD/1112
331,LTD/1113,LTD/1113
332,LTD/1114,LTD/1114
333,LTD/1115,LTD/1115
334,LTD/1116,LTD/1116
335,LTD/1117,LTD/1117
336,LTD/1118,LTD/1118
337,LTD/1119,LTD/1119
338,LTD/1120,LTD/1120
339,LTD/1121,LTD/1121
340,LTD/1122,LTD/1122
341,LTD/1123,LTD/1123
342,LTD/1124,LTD/1124
343,LTD/1125,LTD/1125
344,LTD/1127,LTD/1127
345,LTD/1128,LTD/1128
346,LTD/1129,LTD/1129
347,LTD/113,NA/113
348,LTD/1130,LTD/1130
349,LTD/1131,LTD/1131
350,LTD/1132,LTD/1132
351,LTD/1133,LTD/1133
352,LTD/1134,LTD/1134
353,LTD/1135,LTD/1135
354,LTD/1136,LTD/1136
355,LTD/1137,LTD/1137
356,LTD/1138,LTD/1138
357,LTD/1139,LTD/1139
358,LTD/1140,LTD/1140
359,LTD/1141,LTD/1141
360,LTD/1143,LTD/1143
361,LTD/1144,LTD/1144
362,LTD/1145,LTD/1145
363,LTD/1146,LTD/1146
364,LTD/1147,LTD/1147
365,LTD/1148,LTD/1148
366,LTD/1149,LTD/1149
367,LTD/115,NA/115
368,LTD/1150,LTD/1150
369,LTD/1151,LTD/1151
370,LTD/1152,LTD/1152
371,LTD/1154,LTD/1154
372,LTD/1155,LTD/1155
373,LTD/1156,LTD/1156
374,LTD/1158,LTD/1158
375,LTD/1159,LTD/1159
376,LTD/116,NA/116
377,LTD/1160,LTD/1160
378,LTD/1161,LTD/1161
379,LTD/1162,LTD/1162
380,LTD/1163,LTD/1163
381,LTD/1164,LTD/1164
382,LTD/1165,LTD/1165
383,LTD/1166,LTD/1166
384,LTD/1168,LTD/1168
385,LTD/1169,LTD/1169
386,LTD/1170,LTD/1170
387,LTD/1171,LTD/1171
388,LTD/1172,LTD/1172
389,LTD/1173,LTD/1173
390,LTD/1177,LTD/1177
391,LTD/1178,LTD/1178
392,LTD/1179,LTD/1179
393,LTD/118,NA/118
394,LTD/1180,LTD/1180
395,LTD/1182,LTD/1182
396,LTD/1183,LTD/1183
397,LTD/1184,LTD/1184
398,LTD/1185,LTD/1185
399,LTD/1186,LTD/1186
400,LTD/1187,LTD/1187
401,LTD/1188,LTD/1188
402,LTD/1189,LTD/1189
403,LTD/119,NA/119
404,LTD/1191,LTD/1191
405,LTD/1192,LTD/1192
406,LTD/1193,LTD/1193
407,LTD/1194,LTD/1194
408,LTD/1195,LTD/1195
409,LTD/1197,LTD/1197
410,LTD/1198,LTD/1198
411,LTD/12,NA/12
412,LTD/120,NA/120
413,LTD/1200,LTD/1200
414,LTD/1201,LTD/1201
415,LTD/1202,LTD/1202
416,LTD/1203,LTD/1203
417,LTD/1204,LTD/1204
418,LTD/1205,LTD/1205
419,LTD/1206,LTD/1206
420,LTD/1207,LTD/1207
421,LTD/1208,LTD/1208
422,LTD/1209,LTD/1209
423,LTD/1210,LTD/1210
424,LTD/1211,LTD/1211
425,LTD/1212,LTD/1212
426,LTD/1213,LTD/1213
427,LTD/1214,LTD/1214
428,LTD/1215,LTD/1215
429,LTD/1216,LTD/1216
430,LTD/1217,LTD/1217
431,LTD/1218,LTD/1218
432,LTD/1219,LTD/1219
433,LTD/1220,LTD/1220
434,LTD/1222,LTD/1222
435,LTD/1224,LTD/1224
436,LTD/1225,LTD/1225
437,LTD/1226,LTD/1226
438,LTD/1227,LTD/1227
439,LTD/1228,LTD/1228
440,LTD/1229,LTD/1229
441,LTD/1230,LTD/1230
442,LTD/1232,LTD/1232
443,LTD/1233,LTD/1233
444,LTD/1234,LTD/1234
445,LTD/1235,LTD/1235
446,LTD/1237,LTD/1237
447,LTD/1238,LTD/1238
448,LTD/1239,LTD/1239
449,LTD/124,NA/124
450,LTD/1240,LTD/1240
451,LTD/1241,LTD/1241
452,LTD/1242,LTD/1242
453,LTD/1243,LTD/1243
454,LTD/1244,LTD/1244
455,LTD/1245,LTD/1245
456,LTD/1246,LTD/1246
457,LTD/1247,LTD/1247
458,LTD/1249,LTD/1249
459,LTD/1250,LTD/1250
460,LTD/1253,LTD/1253
461,LTD/1254,LTD/1254
462,LTD/1255,LTD/1255
463,LTD/1256,LTD/1256
464,LTD/1257,LTD/1257
465,LTD/1258,LTD/1258
466,LTD/126,NA/126
467,LTD/1260,LTD/1260
468,LTD/1261,LTD/1261
469,LTD/1262,LTD/1262
470,LTD/1263,LTD/1263
471,LTD/1264,LTD/1264
472,LTD/1265,LTD/1265
473,LTD/1266,LTD/1266
474,LTD/1267,LTD/1267
475,LTD/1269,LTD/1269
476,LTD/1272,LTD/1272
477,LTD/1273,LTD/1273
478,LTD/1274,LTD/1274
479,LTD/1275,LTD/1275
480,LTD/1276,LTD/1276
481,LTD/1277,LTD/1277
482,LTD/1278,LTD/1278
483,LTD/1279,LTD/1279
484,LTD/128,NA/128
485,LTD/1280,LTD/1280
486,LTD/1281,LTD/1281
487,LTD/1282,LTD/1282
488,LTD/1283,LTD/1283
489,LTD/1284,LTD/1284
490,LTD/1285,LTD/1285
491,LTD/1286,LTD/1286
492,LTD/1287,LTD/1287
493,LTD/1288,LTD/1288
494,LTD/1289,LTD/1289
495,LTD/129,NA/129
496,LTD/1290,LTD/1290
497,LTD/1291,LTD/1291
498,LTD/1292,LTD/1292
499,LTD/1293,LTD/1293
500,LTD/1294,LTD/1294
501,LTD/1295,LTD/1295
502,LTD/1296,LTD/1296
503,LTD/1298,LTD/1298
504,LTD/1299,LTD/1299
505,LTD/13,NA/13
506,LTD/130,NA/130
507,LTD/1300,LTD/1300
508,LTD/1301,LTD/1301
509,LTD/1302,LTD/1302
510,LTD/1303,LTD/1303
511,LTD/1304,LTD/1304
512,LTD/1305,LTD/1305
513,LTD/1306,LTD/1306
514,LTD/1307,LTD/1307
515,LTD/1308,LTD/1308
516,LTD/1309,LTD/1309
517,LTD/131,NA/131
518,LTD/1310,LTD/1310
519,LTD/1311,LTD/1311
520,LTD/1312,LTD/1312
521,LTD/1313,LTD/1313
522,LTD/1314,LTD/1314
523,LTD/1315,LTD/1315
524,LTD/1316,LTD/1316
525,LTD/1317,LTD/1317
526,LTD/1318,LTD/1318
527,LTD/1319,LTD/1319
528,LTD/1320,LTD/1320
529,LTD/1321,LTD/1321
530,LTD/1322,LTD/1322
531,LTD/1323,LTD/1323
532,LTD/1324,LTD/1324
533,LTD/1325,LTD/1325
534,LTD/1326,LTD/1326
535,LTD/1327,LTD/1327
536,LTD/1328,LTD/1328
537,LTD/1329,LTD/1329
538,LTD/1330,LTD/1330
539,LTD/1331,LTD/1331
540,LTD/1332,LTD/1332
541,LTD/1333,LTD/1333
542,LTD/1334,LTD/1334
543,LTD/1335,LTD/1335
544,LTD/1336,LTD/1336
545,LTD/1337,LTD/1337
546,LTD/1338,LTD/1338
547,LTD/1339,LTD/1339
548,LTD/134,NA/134
549,LTD/1340,LTD/1340
550,LTD/1341,LTD/1341
551,LTD/1342,LTD/1342
552,LTD/1344,LTD/1344
553,LTD/1345,LTD/1345
554,LTD/1346,LTD/1346
555,LTD/1347,LTD/1347
556,LTD/1348,LTD/1348
557,LTD/1349,LTD/1349
558,LTD/1350,LTD/1350
559,LTD/1351,LTD/1351
560,LTD/1352,LTD/1352
561,LTD/1353,LTD/1353
562,LTD/1354,LTD/1354
563,LTD/1355,LTD/1355
564,LTD/1356,LTD/1356
565,LTD/1357,LTD/1357
566,LTD/1358,LTD/1358
567,LTD/1359,LTD/1359
568,LTD/136,NA/136
569,LTD/1360,LTD/1360
570,LTD/1361,LTD/1361
571,LTD/1362,LTD/1362
572,LTD/1363,LTD/1363
573,LTD/1364,LTD/1364
574,LTD/1366,LTD/1366
575,LTD/1367,LTD/1367
576,LTD/1368,LTD/1368
577,LTD/1369,LTD/1369
578,LTD/137,NA/137
579,LTD/1370,LTD/1370
580,LTD/1371,LTD/1371
581,LTD/1372,LTD/1372
582,LTD/1373,LTD/1373
583,LTD/1374,LTD/1374
584,LTD/1377,LTD/1377
585,LTD/1378,LTD/1378
586,LTD/1379,LTD/1379
587,LTD/138,NA/138
588,LTD/1381,LTD/1381
589,LTD/1382,LTD/1382
590,LTD/1383,LTD/1383
591,LTD/1384,LTD/1384
592,LTD/1385,LTD/1385
593,LTD/1386,LTD/1386
594,LTD/1387,LTD/1387
595,LTD/1388,LTD/1388
596,LTD/1389,LTD/1389
597,LTD/139,NA/139
598,LTD/1390,LTD/1390
599,LTD/1391,LTD/1391
600,LTD/1392,LTD/1392
601,LTD/1393,LTD/1393
602,LTD/1394,LTD/1394
603,LTD/1395,LTD/1395
604,LTD/1396,LTD/1396
605,LTD/1397,LTD/1397
606,LTD/1399,LTD/1399
607,LTD/140,NA/140
608,LTD/1400,LTD/1400
609,LTD/1401,LTD/1401
610,LTD/1402,LTD/1402
611,LTD/1403,LTD/1403
612,LTD/1404,LTD/1404
613,LTD/1405,LTD/1405
614,LTD/1406,LTD/1406
615,LTD/1407,LTD/1407
616,LTD/1408,LTD/1408
617,LTD/1409,LTD/1409
618,LTD/141,NA/141
619,LTD/1410,LTD/1410
620,LTD/1411,LTD/1411
621,LTD/1412,LTD/1412
622,LTD/1413,LTD/1413
623,LTD/1414,LTD/1414
624,LTD/1416,LTD/1416
625,LTD/1417,LTD/1417
626,LTD/1418,LTD/1418
627,LTD/1419,LTD/1419
628,LTD/142,NA/142
629,LTD/1420,LTD/1420
630,LTD/1421,LTD/1421
631,LTD/1422,LTD/1422
632,LTD/1423,LTD/1423
633,LTD/1425,LTD/1425
634,LTD/1426,LTD/1426
635,LTD/1427,LTD/1427
636,LTD/1428,LTD/1428
637,LTD/1429,LTD/1429
638,LTD/143,NA/143
639,LTD/1430,LTD/1430
640,LTD/1431,LTD/1431
641,LTD/1432,LTD/1432
642,LTD/1434,LTD/1434
643,LTD/1435,LTD/1435
644,LTD/1437,LTD/1437
645,LTD/1438,LTD/1438
646,LTD/1439,LTD/1439
647,LTD/144,NA/144
648,LTD/1440,LTD/1440
649,LTD/1441,LTD/1441
650,LTD/1442,LTD/1442
651,LTD/1443,LTD/1443
652,LTD/1444,LTD/1444
653,LTD/1445,LTD/1445
654,LTD/1446,LTD/1446
655,LTD/1447,LTD/1447
656,LTD/1448,LTD/1448
657,LTD/1449,LTD/1449
658,LTD/145,NA/145
659,LTD/1450,LTD/1450
660,LTD/1451,LTD/1451
661,LTD/1452,LTD/1452
662,LTD/1453,LTD/1453
663,LTD/1454,LTD/1454
664,LTD/1455,LTD/1455
665,LTD/1456,LTD/1456
666,LTD/1458,LTD/1458
667,LTD/1459,LTD/1459
668,LTD/146,NA/146
669,LTD/1460,LTD/1460
670,LTD/1461,LTD/1461
671,LTD/1462,LTD/1462
672,LTD/1463,LTD/1463
673,LTD/1464,LTD/1464
674,LTD/1465,LTD/1465
675,LTD/1466,LTD/1466
676,LTD/1467,LTD/1467
677,LTD/1468,LTD/1468
678,LTD/1469,LTD/1469
679,LTD/147,NA/147
680,LTD/1470,LTD/1470
681,LTD/1471,LTD/1471
682,LTD/1472,LTD/1472
683,LTD/1473,LTD/1473
684,LTD/1474,LTD/1474
685,LTD/1475,LTD/1475
686,LTD/1476,LTD/1476
687,LTD/1477,LTD/1477
688,LTD/1478,LTD/1478
689,LTD/1479,LTD/1479
690,LTD/1480,LTD/1480
691,LTD/1481,LTD/1481
692,LTD/1482,LTD/1482
693,LTD/1483,LTD/1483
694,LTD/1484,LTD/1484
695,LTD/1485,LTD/1485
696,LTD/1487,LTD/1487
697,LTD/1488,LTD/1488
698,LTD/149,NA/149
699,LTD/1490,LTD/1490
700,LTD/1491,LTD/1491
701,LTD/1492,LTD/1492
702,LTD/1493,LTD/1493
703,LTD/1494,LTD/1494
704,LTD/1495,LTD/1495
705,LTD/1496,LTD/1496
706,LTD/1497,LTD/1497
707,LTD/1498,LTD/1498
708,LTD/1499,LTD/1499
709,LTD/150,NA/150
710,LTD/1500,LTD/1500
711,LTD/1501,LTD/1501
712,LTD/1502,LTD/1502
713,LTD/1503,LTD/1503
714,LTD/1504,LTD/1504
715,LTD/1505,LTD/1505
716,LTD/1506,LTD/1506
717,LTD/1507,LTD/1507
718,LTD/1508,LTD/1508
719,LTD/1509,LTD/1509
720,LTD/1510,LTD/1510
721,LTD/1511,LTD/1511
722,LTD/1512,LTD/1512
723,LTD/1513,LTD/1513
724,LTD/1514,LTD/1514
725,LTD/1515,LTD/1515
726,LTD/1516,LTD/1516
727,LTD/1517,LTD/1517
728,LTD/1518,LTD/1518
729,LTD/1519,LTD/1519
730,LTD/152,NA/152
731,LTD/1520,LTD/1520
732,LTD/1521,LTD/1521
733,LTD/1523,LTD/1523
734,LTD/1524,LTD/1524
735,LTD/1525,LTD/1525
736,LTD/1526,LTD/1526
737,LTD/1527,LTD/1527
738,LTD/1528,LTD/1528
739,LTD/1529,LTD/1529
740,LTD/153,NA/153
741,LTD/1530,LTD/1530
742,LTD/1531,LTD/1531
743,LTD/1532,LTD/1532
744,LTD/1533,LTD/1533
745,LTD/1534,LTD/1534
746,LTD/1536,LTD/1536
747,LTD/1537,LTD/1537
748,LTD/1538,LTD/1538
749,LTD/1539,LTD/1539
750,LTD/1540,LTD/1540
751,LTD/1541,LTD/1541
752,LTD/1542,LTD/1542
753,LTD/1543,LTD/1543
754,LTD/1544,LTD/1544
755,LTD/1545,LTD/1545
756,LTD/1546,LTD/1546
757,LTD/1547,LTD/1547
758,LTD/1549,LTD/1549
759,LTD/155,NA/155
760,LTD/1550,LTD/1550
761,LTD/1551,LTD/1551
762,LTD/1552,LTD/1552
763,LTD/1553,LTD/1553
764,LTD/1554,LTD/1554
765,LTD/1555,LTD/1555
766,LTD/1556,LTD/1556
767,LTD/1557,LTD/1557
768,LTD/1558,LTD/1558
769,LTD/1559,LTD/1559
770,LTD/1561,LTD/1561
771,LTD/1562,LTD/1562
772,LTD/1563,LTD/1563
773,LTD/1564,LTD/1564
774,LTD/1565,LTD/1565
775,LTD/1566,LTD/1566
776,LTD/1567,LTD/1567
777,LTD/1568,LTD/1568
778,LTD/1569,LTD/1569
779,LTD/157,NA/157
780,LTD/1570,LTD/1570
781,LTD/1571,LTD/1571
782,LTD/1572,LTD/1572
783,LTD/1573,LTD/1573
784,LTD/1575,LTD/1575
785,LTD/1576,LTD/1576
786,LTD/1577,LTD/1577
787,LTD/1578,LTD/1578
788,LTD/1579,LTD/1579
789,LTD/158,NA/158
790,LTD/1580,LTD/1580
791,LTD/1581,LTD/1581
792,LTD/1582,LTD/1582
793,LTD/1583,LTD/1583
794,LTD/1584,LTD/1584
795,LTD/1585,LTD/1585
796,LTD/1586,LTD/1586
797,LTD/1587,LTD/1587
798,LTD/1588,LTD/1588
799,LTD/1589,LTD/1589
800,LTD/1590,LTD/1590
801,LTD/1591,LTD/1591
802,LTD/1592,LTD/1592
803,LTD/1593,LTD/1593
804,LTD/1594,LTD/1594
805,LTD/1595,LTD/1595
806,LTD/1596,LTD/1596
807,LTD/1597,LTD/1597
808,LTD/1598,LTD/1598
809,LTD/1599,LTD/1599
810,LTD/16,NA/16
811,LTD/1600,LTD/1600
812,LTD/1601,LTD/1601
813,LTD/1602,LTD/1602
814,LTD/1603,LTD/1603
815,LTD/1604,LTD/1604
816,LTD/1606,LTD/1606
817,LTD/1607,LTD/1607
818,LTD/1608,LTD/1608
819,LTD/1609,LTD/1609
820,LTD/1610,LTD/1610
821,LTD/1611,LTD/1611
822,LTD/1612,LTD/1612
823,LTD/1613,LTD/1613
824,LTD/1614,LTD/1614
825,LTD/1615,LTD/1615
826,LTD/1616,LTD/1616
827,LTD/1617,LTD/1617
828,LTD/1618,LTD/1618
829,LTD/1619,LTD/1619
830,LTD/162,NA/162
831,LTD/1622,LTD/1622
832,LTD/1623,LTD/1623
833,LTD/1624,LTD/1624
834,LTD/1625,LTD/1625
835,LTD/1626,LTD/1626
836,LTD/1627,LTD/1627
837,LTD/1628,LTD/1628
838,LTD/1629,LTD/1629
839,LTD/163,NA/163
840,LTD/1630,LTD/1630
841,LTD/1631,LTD/1631
842,LTD/1633,LTD/1633
843,LTD/1636,LTD/1636
844,LTD/1637,LTD/1637
845,LTD/1638,LTD/1638
846,LTD/1639,LTD/1639
847,LTD/1640,LTD/1640
848,LTD/1641,LTD/1641
849,LTD/1642,LTD/1642
850,LTD/1643,LTD/1643
851,LTD/1644,LTD/1644
852,LTD/1645,LTD/1645
853,LTD/1646,LTD/1646
854,LTD/1647,LTD/1647
855,LTD/1648,LTD/1648
856,LTD/165,NA/165
857,LTD/1650,LTD/1650
858,LTD/1651,LTD/1651
859,LTD/1652,LTD/1652
860,LTD/1653,LTD/1653
861,LTD/1654,LTD/1654
862,LTD/1657,LTD/1657
863,LTD/1658,LTD/1658
864,LTD/1659,LTD/1659
865,LTD/166,NA/166
866,LTD/1660,LTD/1660
867,LTD/1661,LTD/1661
868,LTD/1663,LTD/1663
869,LTD/1665,LTD/1665
870,LTD/1666,LTD/1666
871,LTD/1667,LTD/1667
872,LTD/1668,LTD/1668
873,LTD/1669,LTD/1669
874,LTD/167,NA/167
875,LTD/1670,LTD/1670
876,LTD/1671,LTD/1671
877,LTD/1672,LTD/1672
878,LTD/1673,LTD/1673
879,LTD/1674,LTD/1674
880,LTD/1675,LTD/1675
881,LTD/1676,LTD/1676
882,LTD/1677,LTD/1677
883,LTD/1678,LTD/1678
884,LTD/1679,LTD/1679
885,LTD/1680,LTD/1680
886,LTD/1681,LTD/1681
887,LTD/1682,LTD/1682
888,LTD/1683,LTD/1683
889,LTD/1684,LTD/1684
890,LTD/1685,LTD/1685
891,LTD/1686,LTD/1686
892,LTD/1687,LTD/1687
893,LTD/1688,LTD/1688
894,LTD/1689,LTD/1689
895,LTD/169,NA/169
896,LTD/1690,LTD/1690
897,LTD/1691,LTD/1691
898,LTD/1692,LTD/1692
899,LTD/1694,LTD/1694
900,LTD/1695,LTD/1695
901,LTD/1696,LTD/1696
902,LTD/1697,LTD/1697
903,LTD/1698,LTD/1698
904,LTD/1699,LTD/1699
905,LTD/17,NA/17
906,LTD/170,NA/170
907,LTD/1700,LTD/1700
908,LTD/1701,LTD/1701
909,LTD/1702,LTD/1702
910,LTD/1703,LTD/1703
911,LTD/1704,LTD/1704
912,LTD/1707,LTD/1707
913,LTD/1708,LTD/1708
914,LTD/1709,LTD/1709
915,LTD/171,NA/171
916,LTD/1710,LTD/1710
917,LTD/1711,LTD/1711
918,LTD/1712,LTD/1712
919,LTD/1713,LTD/1713
920,LTD/1714,LTD/1714
921,LTD/1715,LTD/1715
922,LTD/1716,LTD/1716
923,LTD/1717,LTD/1717
924,LTD/1718,LTD/1718
925,LTD/1719,LTD/1719
926,LTD/172,NA/172
927,LTD/1720,LTD/1720
928,LTD/1721,LTD/1721
929,LTD/1723,LTD/1723
930,LTD/1724,LTD/1724
931,LTD/1725,LTD/1725
932,LTD/1726,LTD/1726
933,LTD/1729,LTD/1729
934,LTD/173,NA/173
935,LTD/1730,LTD/1730
936,LTD/1731,LTD/1731
937,LTD/1733,LTD/1733
938,LTD/1734,LTD/1734
939,LTD/1735,LTD/1735
940,LTD/1736,LTD/1736
941,LTD/1737,LTD/1737
942,LTD/1738,LTD/1738
943,LTD/1739,LTD/1739
944,LTD/1740,LTD/1740
945,LTD/1741,LTD/1741
946,LTD/1742,LTD/1742
947,LTD/1743,LTD/1743
948,LTD/1744,LTD/1744
949,LTD/1745,LTD/1745
950,LTD/1746,LTD/1746
951,LTD/1747,LTD/1747
952,LTD/1749,LTD/1749
953,LTD/175,NA/175
954,LTD/1750,LTD/1750
955,LTD/1751,LTD/1751
956,LTD/1752,LTD/1752
957,LTD/1753,LTD/1753
958,LTD/1754,LTD/1754
959,LTD/1755,LTD/1755
960,LTD/1757,LTD/1757
961,LTD/1759,LTD/1759
962,LTD/176,NA/176
963,LTD/1760,LTD/1760
964,LTD/1761,LTD/1761
965,LTD/1762,LTD/1762
966,LTD/1763,LTD/1763
967,LTD/1764,LTD/1764
968,LTD/1765,LTD/1765
969,LTD/1766,LTD/1766
970,LTD/1768,LTD/1768
971,LTD/1769,LTD/1769
972,LTD/1770,LTD/1770
973,LTD/1771,LTD/1771
974,LTD/1772,LTD/1772
975,LTD/1773,LTD/1773
976,LTD/1774,LTD/1774
977,LTD/1775,LTD/1775
978,LTD/1776,LTD/1776
979,LTD/1777,LTD/1777
980,LTD/1778,LTD/1778
981,LTD/1779,LTD/1779
982,LTD/1780,LTD/1780
983,LTD/1781,LTD/1781
984,LTD/1782,LTD/1782
985,LTD/1783,LTD/1783
986,LTD/1784,LTD/1784
987,LTD/1785,LTD/1785
988,LTD/1786,LTD/1786
989,LTD/1787,LTD/1787
990,LTD/1788,LTD/1788
991,LTD/1789,LTD/1789
992,LTD/1790,LTD/1790
993,LTD/1791,LTD/1791
994,LTD/1793,LTD/1793
995,LTD/1794,LTD/1794
996,LTD/1795,LTD/1795
997,LTD/1796,LTD/1796
998,LTD/1797,LTD/1797
999,LTD/1798,LTD/1798
1000,LTD/1799,LTD/1799
1001,LTD/18,NA/18
1002,LTD/1800,LTD/1800
1003,LTD/1801,LTD/1801
1004,LTD/1802,LTD/1802
1005,LTD/1803,LTD/1803
1006,LTD/1804,LTD/1804
1007,LTD/1806,LTD/1806
1008,LTD/1807,LTD/1807
1009,LTD/1808,LTD/1808
1010,LTD/1809,LTD/1809
1011,LTD/181,NA/181
1012,LTD/1810,LTD/1810
1013,LTD/1811,LTD/1811
1014,LTD/1812,LTD/1812
1015,LTD/1813,LTD/1813
1016,LTD/1814,LTD/1814
1017,LTD/1815,LTD/1815
1018,LTD/1816,LTD/1816
1019,LTD/1817,LTD/1817
1020,LTD/1818,LTD/1818
1021,LTD/1819,LTD/1819
1022,LTD/182,NA/182
1023,LTD/1820,LTD/1820
1024,LTD/1821,LTD/1821
1025,LTD/1822,LTD/1822
1026,LTD/1823,LTD/1823
1027,LTD/1824,LTD/1824
1028,LTD/1825,LTD/1825
1029,LTD/1826,LTD/1826
1030,LTD/1828,LTD/1828
1031,LTD/1829,LTD/1829
1032,LTD/1830,LTD/1830
1033,LTD/1831,LTD/1831
1034,LTD/1832,LTD/1832
1035,LTD/1833,LTD/1833
1036,LTD/1834,LTD/1834
1037,LTD/1835,LTD/1835
1038,LTD/1836,LTD/1836
1039,LTD/1837,LTD/1837
1040,LTD/1838,LTD/1838
1041,LTD/1839,LTD/1839
1042,LTD/1840,LTD/1840
1043,LTD/1841,LTD/1841
1044,LTD/1842,LTD/1842
1045,LTD/1843,LTD/1843
1046,LTD/1844,LTD/1844
1047,LTD/1845,LTD/1845
1048,LTD/1846,LTD/1846
1049,LTD/1847,LTD/1847
1050,LTD/1848,LTD/1848
1051,LTD/1849,LTD/1849
1052,LTD/1850,LTD/1850
1053,LTD/1851,LTD/1851
1054,LTD/1852,LTD/1852
1055,LTD/1853,LTD/1853
1056,LTD/1854,LTD/1854
1057,LTD/1855,LTD/1855
1058,LTD/1856,LTD/1856
1059,LTD/1857,LTD/1857
1060,LTD/1858,LTD/1858
1061,LTD/1859,LTD/1859
1062,LTD/186,NA/186
1063,LTD/1860,LTD/1860
1064,LTD/1862,LTD/1862
1065,LTD/1864,LTD/1864
1066,LTD/1865,LTD/1865
1067,LTD/1866,LTD/1866
1068,LTD/1868,LTD/1868
1069,LTD/1869,LTD/1869
1070,LTD/187,NA/187
1071,LTD/1870,LTD/1870
1072,LTD/1871,LTD/1871
1073,LTD/1872,LTD/1872
1074,LTD/1873,LTD/1873
1075,LTD/1874,LTD/1874
1076,LTD/1875,LTD/1875
1077,LTD/1876,LTD/1876
1078,LTD/1877,LTD/1877
1079,LTD/1878,LTD/1878
1080,LTD/1879,LTD/1879
1081,LTD/188,NA/188
1082,LTD/1880,LTD/1880
1083,LTD/1881,LTD/1881
1084,LTD/1882,LTD/1882
1085,LTD/1883,LTD/1883
1086,LTD/1884,LTD/1884
1087,LTD/1885,LTD/1885
1088,LTD/1886,LTD/1886
1089,LTD/1887,LTD/1887
1090,LTD/1889,LTD/1889
1091,LTD/189,NA/189
1092,LTD/1890,LTD/1890
1093,LTD/1891,LTD/1891
1094,LTD/1892,LTD/1892
1095,LTD/1893,LTD/1893
1096,LTD/1894,LTD/1894
1097,LTD/1895,LTD/1895
1098,LTD/1896,LTD/1896
1099,LTD/1897,LTD/1897
1100,LTD/1898,LTD/1898
1101,LTD/1899,LTD/1899
1102,LTD/19,NA/19
1103,LTD/1900,LTD/1900
1104,LTD/1902,LTD/1902
1105,LTD/1903,LTD/1903
1106,LTD/1904,LTD/1904
1107,LTD/1905,LTD/1905
1108,LTD/1906,LTD/1906
1109,LTD/1907,LTD/1907
1110,LTD/1908,LTD/1908
1111,LTD/1909,LTD/1909
1112,LTD/1910,LTD/1910
1113,LTD/1912,LTD/1912
1114,LTD/1913,LTD/1913
1115,LTD/1915,LTD/1915
1116,LTD/1916,LTD/1916
1117,LTD/1917,LTD/1917
1118,LTD/1918,LTD/1918
1119,LTD/1919,LTD/1919
1120,LTD/192,NA/192
1121,LTD/1921,LTD/1921
1122,LTD/1922,LTD/1922
1123,LTD/1923,LTD/1923
1124,LTD/1924,LTD/1924
1125,LTD/1925,LTD/1925
1126,LTD/1926,LTD/1926
1127,LTD/1927,LTD/1927
1128,LTD/1928,LTD/1928
1129,LTD/1929,LTD/1929
1130,LTD/1930,LTD/1930
1131,LTD/1931,LTD/1931
1132,LTD/1932,LTD/1932
1133,LTD/1933,LTD/1933
1134,LTD/1934,LTD/1934
1135,LTD/1935,LTD/1935
1136,LTD/1936,LTD/1936
1137,LTD/1937,LTD/1937
1138,LTD/1938,LTD/1938
1139,LTD/1939,LTD/1939
1140,LTD/1940,LTD/1940
1141,LTD/1941,LTD/1941
1142,LTD/1942,LTD/1942
1143,LTD/1943,LTD/1943
1144,LTD/1944,LTD/1944
1145,LTD/1945,LTD/1945
1146,LTD/1946,LTD/1946
1147,LTD/1947,LTD/1947
1148,LTD/1948,LTD/1948
1149,LTD/1949,LTD/1949
1150,LTD/195,NA/195
1151,LTD/1950,LTD/1950
1152,LTD/1951,LTD/1951
1153,LTD/1952,LTD/1952
1154,LTD/1953,LTD/1953
1155,LTD/1954,LTD/1954
1156,LTD/1955,LTD/1955
1157,LTD/1956,LTD/1956
1158,LTD/1957,LTD/1957
1159,LTD/1958,LTD/1958
1160,LTD/1959,LTD/1959
1161,LTD/196,NA/196
1162,LTD/1960,LTD/1960
1163,LTD/1961,LTD/1961
1164,LTD/1962,LTD/1962
1165,LTD/1963,LTD/1963
1166,LTD/1965,LTD/1965
1167,LTD/1966,LTD/1966
1168,LTD/1967,LTD/1967
1169,LTD/1968,LTD/1968
1170,LTD/1969,LTD/1969
1171,LTD/197,NA/197
1172,LTD/1970,LTD/1970
1173,LTD/1971,LTD/1971
1174,LTD/1972,LTD/1972
1175,LTD/1973,LTD/1973
1176,LTD/1974,LTD/1974
1177,LTD/1975,LTD/1975
1178,LTD/1976,LTD/1976
1179,LTD/1977,LTD/1977
1180,LTD/1978,LTD/1978
1181,LTD/1979,LTD/1979
1182,LTD/198,NA/198
1183,LTD/1980,LTD/1980
1184,LTD/1981,LTD/1981
1185,LTD/1982,LTD/1982
1186,LTD/1983,LTD/1983
1187,LTD/1984,LTD/1984
1188,LTD/1985,LTD/1985
1189,LTD/1986,LTD/1986
1190,LTD/1987,LTD/1987
1191,LTD/1988,LTD/1988
1192,LTD/1989,LTD/1989
1193,LTD/199,NA/199
1194,LTD/1990,LTD/1990
1195,LTD/1991,LTD/1991
1196,LTD/1992,LTD/1992
1197,LTD/1993,LTD/1993
1198,LTD/1994,LTD/1994
1199,LTD/1997,LTD/1997
1200,LTD/1998,LTD/1998
1201,LTD/1999,LTD/1999
1202,LTD/2,NA/2
1203,LTD/20,NA/20
1204,LTD/200,NA/200
1205,LTD/2000,LTD/2000
1206,LTD/2001,LTD/2001
1207,LTD/2002,LTD/2002
1208,LTD/2004,LTD/2004
1209,LTD/2005,LTD/2005
1210,LTD/2006,LTD/2006
1211,LTD/2007,LTD/2007
1212,LTD/2008,LTD/2008
1213,LTD/2009,LTD/2009
1214,LTD/201,NA/201
1215,LTD/2010,LTD/2010
1216,LTD/2011,LTD/2011
1217,LTD/2012,LTD/2012
1218,LTD/2013,LTD/2013
1219,LTD/2014,LTD/2014
1220,LTD/2015,LTD/2015
1221,LTD/2016,LTD/2016
1222,LTD/2017,LTD/2017
1223,LTD/2018,LTD/2018
1224,LTD/2019,LTD/2019
1225,LTD/202,NA/202
1226,LTD/2020,LTD/2020
1227,LTD/2021,LTD/2021
1228,LTD/2022,LTD/2022
1229,LTD/2023,LTD/2023
1230,LTD/2024,LTD/2024
1231,LTD/2025,LTD/2025
1232,LTD/2026,LTD/2026
1233,LTD/2027,LTD/2027
1234,LTD/2028,LTD/2028
1235,LTD/2029,LTD/2029
1236,LTD/203,NA/203
1237,LTD/2030,LTD/2030
1238,LTD/2031,LTD/2031
1239,LTD/2032,LTD/2032
1240,LTD/2033,LTD/2033
1241,LTD/2035,LTD/2035
1242,LTD/2036,LTD/2036
1243,LTD/2037,LTD/2037
1244,LTD/2038,LTD/2038
1245,LTD/2039,LTD/2039
1246,LTD/204,NA/204
1247,LTD/2040,LTD/2040
1248,LTD/2041,LTD/2041
1249,LTD/2042,LTD/2042
1250,LTD/2043,LTD/2043
1251,LTD/2044,LTD/2044
1252,LTD/2045,LTD/2045
1253,LTD/2046,LTD/2046
1254,LTD/2047,LTD/2047
1255,LTD/2048,LTD/2048
1256,LTD/2049,LTD/2049
1257,LTD/205,NA/205
1258,LTD/2050,LTD/2050
1259,LTD/2052,LTD/2052
1260,LTD/2054,LTD/2054
1261,LTD/2056,LTD/2056
1262,LTD/2058,LTD/2058
1263,LTD/2059,LTD/2059
1264,LTD/206,NA/206
1265,LTD/2060,LTD/2060
1266,LTD/2061,LTD/2061
1267,LTD/2062,LTD/2062
1268,LTD/2063,LTD/2063
1269,LTD/2064,LTD/2064
1270,LTD/2065,LTD/2065
1271,LTD/2066,LTD/2066
1272,LTD/2067,LTD/2067
1273,LTD/2068,LTD/2068
1274,LTD/2069,LTD/2069
1275,LTD/2070,LTD/2070
1276,LTD/2071,LTD/2071
1277,LTD/2072,LTD/2072
1278,LTD/2073,LTD/2073
1279,LTD/2074,LTD/2074
1280,LTD/2075,LTD/2075
1281,LTD/2077,LTD/2077
1282,LTD/2078,LTD/2078
1283,LTD/2079,LTD/2079
1284,LTD/208,NA/208
1285,LTD/2080,LTD/2080
1286,LTD/2081,LTD/2081
1287,LTD/2082,LTD/2082
1288,LTD/2083,LTD/2083
1289,LTD/2084,LTD/2084
1290,LTD/2085,LTD/2085
1291,LTD/2086,LTD/2086
1292,LTD/2087,LTD/2087
1293,LTD/2088,LTD/2088
1294,LTD/2089,LTD/2089
1295,LTD/209,NA/209
1296,LTD/2090,LTD/2090
1297,LTD/2091,LTD/2091
1298,LTD/2092,LTD/2092
1299,LTD/2093,LTD/2093
1300,LTD/2095,LTD/2095
1301,LTD/2096,LTD/2096
1302,LTD/2097,LTD/2097
1303,LTD/2098,LTD/2098
1304,LTD/2099,LTD/2099
1305,LTD/21,NA/21
1306,LTD/2100,LTD/2100
1307,LTD/2101,LTD/2101
1308,LTD/2102,LTD/2102
1309,LTD/2103,LTD/2103
1310,LTD/2104,LTD/2104
1311,LTD/2105,LTD/2105
1312,LTD/2106,LTD/2106
1313,LTD/2107,LTD/2107
1314,LTD/2108,LTD/2108
1315,LTD/2109,LTD/2109
1316,LTD/2110,LTD/2110
1317,LTD/2111,LTD/2111
1318,LTD/2112,LTD/2112
1319,LTD/2113,LTD/2113
1320,LTD/2114,LTD/2114
1321,LTD/2115,LTD/2115
1322,LTD/2117,LTD/2117
1323,LTD/2119,LTD/2119
1324,LTD/212,NA/212
1325,LTD/2120,LTD/2120
1326,LTD/2121,LTD/2121
1327,LTD/2122,LTD/2122
1328,LTD/2123,LTD/2123
1329,LTD/2124,LTD/2124
1330,LTD/2126,LTD/2126
1331,LTD/2126,LTD/2126
1332,LTD/2127,LTD/2127
1333,LTD/2128,LTD/2128
1334,LTD/2129,LTD/2129
1335,LTD/213,NA/213
1336,LTD/2130,LTD/2130
1337,LTD/2133,LTD/2133
1338,LTD/2134,LTD/2134
1339,LTD/2135,LTD/2135
1340,LTD/2136,LTD/2136
1341,LTD/2137,LTD/2137
1342,LTD/2138,LTD/2138
1343,LTD/2139,LTD/2139
1344,LTD/2140,LTD/2140
1345,LTD/2141,LTD/2141
1346,LTD/2142,LTD/2142
1347,LTD/2143,LTD/2143
1348,LTD/2144,LTD/2144
1349,LTD/2145,LTD/2145
1350,LTD/2146,LTD/2146
1351,LTD/2147,LTD/2147
1352,LTD/2148,LTD/2148
1353,LTD/2149,LTD/2149
1354,LTD/2150,LTD/2150
1355,LTD/2153,LTD/2153
1356,LTD/2154,LTD/2154
1357,LTD/2155,LTD/2155
1358,LTD/2156,LTD/2156
1359,LTD/2157,LTD/2157
1360,LTD/2158,LTD/2158
1361,LTD/217,NA/217
1362,LTD/222,NA/222
1363,LTD/223,NA/223
1364,LTD/224,NA/224
1365,LTD/227,NA/227
1366,LTD/228,NA/228
1367,LTD/23,NA/23
1368,LTD/234,NA/234
1369,LTD/235,NA/235
1370,LTD/236,NA/236
1371,LTD/237,NA/237
1372,LTD/239,NA/239
1373,LTD/24,NA/24
1374,LTD/242,NA/242
1375,LTD/244,NA/244
1376,LTD/247,NA/247
1377,LTD/248,NA/248
1378,LTD/250,NA/250
1379,LTD/257,NA/257
1380,LTD/26,NA/26
1381,LTD/261,NA/261
1382,LTD/263,NA/263
1383,LTD/265,NA/265
1384,LTD/266,NA/266
1385,LTD/27,NA/27
1386,LTD/274,NA/274
1387,LTD/275,NA/275
1388,LTD/276,NA/276
1389,LTD/28,NA/28
1390,LTD/282,NA/282
1391,LTD/284,NA/284
1392,LTD/285,NA/285
1393,LTD/289,NA/289
1394,LTD/29,NA/29
1395,LTD/292,NA/292
1396,LTD/293,NA/293
1397,LTD/294,NA/294
1398,LTD/295,NA/295
1399,LTD/296,NA/296
1400,LTD/299,NA/299
1401,LTD/3,NA/3
1402,LTD/30,NA/30
1403,LTD/300,NA/300
1404,LTD/306,NA/306
1405,LTD/307,NA/307
1406,LTD/308,NA/308
1407,LTD/310,NA/310
1408,LTD/312,NA/312
1409,LTD/313,NA/313
1410,LTD/314,NA/314
1411,LTD/315,NA/315
1412,LTD/316,NA/316
1413,LTD/32,NA/32
1414,LTD/321,NA/321
1415,LTD/322,NA/322
1416,LTD/324,NA/324
1417,LTD/325,NA/325
1418,LTD/326,NA/326
1419,LTD/327,NA/327
1420,LTD/336,NA/336
1421,LTD/34,NA/34
1422,LTD/340,NA/340
1423,LTD/341,NA/341
1424,LTD/342,NA/342
1425,LTD/343,NA/343
1426,LTD/344,NA/344
1427,LTD/348,NA/348
1428,LTD/349,NA/349
1429,LTD/35,NA/35
1430,LTD/351,NA/351
1431,LTD/352,NA/352
1432,LTD/354,NA/354
1433,LTD/356,NA/356
1434,LTD/358,NA/358
1435,LTD/359,NA/359
1436,LTD/361,NA/361
1437,LTD/362,NA/362
1438,LTD/364,NA/364
1439,LTD/365,NA/365
1440,LTD/366,NA/366
1441,LTD/367,NA/367
1442,LTD/37,NA/37
1443,LTD/370,NA/370
1444,LTD/371,NA/371
1445,LTD/372,NA/372
1446,LTD/373,NA/373
1447,LTD/374,NA/374
1448,LTD/375,NA/375
1449,LTD/378,NA/378
1450,LTD/379,NA/379
1451,LTD/380,NA/380
1452,LTD/381,NA/381
1453,LTD/382,NA/382
1454,LTD/383,NA/383
1455,LTD/389,NA/389
1456,LTD/390,NA/390
1457,LTD/391,NA/391
1458,LTD/392,NA/392
1459,LTD/393,NA/393
1460,LTD/394,NA/394
1461,LTD/398,NA/398
1462,LTD/399,NA/399
1463,LTD/4,NA/4
1464,LTD/40,NA/40
1465,LTD/400,NA/400
1466,LTD/401,NA/401
1467,LTD/402,NA/402
1468,LTD/405,NA/405
1469,LTD/407,NA/407
1470,LTD/409,NA/409
1471,LTD/41,NA/41
1472,LTD/410,NA/410
1473,LTD/411,NA/411
1474,LTD/412,NA/412
1475,LTD/413,NA/413
1476,LTD/414,NA/414
1477,LTD/416,NA/416
1478,LTD/419,NA/419
1479,LTD/42,NA/42
1480,LTD/420,NA/420
1481,LTD/421,NA/421
1482,LTD/422,NA/422
1483,LTD/424,NA/424
1484,LTD/425,NA/425
1485,LTD/426,NA/426
1486,LTD/429,NA/429
1487,LTD/43,NA/43
1488,LTD/430,NA/430
1489,LTD/431,NA/431
1490,LTD/432,NA/432
1491,LTD/433,NA/433
1492,LTD/435,NA/435
1493,LTD/436,NA/436
1494,LTD/437,NA/437
1495,LTD/438,NA/438
1496,LTD/44,NA/44
1497,LTD/440,NA/440
1498,LTD/441,NA/441
1499,LTD/442,NA/442
1500,LTD/444,NA/444
1501,LTD/445,NA/445
1502,LTD/446,NA/446
1503,LTD/447,NA/447
1504,LTD/448,NA/448
1505,LTD/45,NA/45
1506,LTD/450,NA/450
1507,LTD/453,NA/453
1508,LTD/454,NA/454
1509,LTD/455,NA/455
1510,LTD/456,NA/456
1511,LTD/457,NA/457
1512,LTD/458,NA/458
1513,LTD/459,NA/459
1514,LTD/460,NA/460
1515,LTD/463,NA/463
1516,LTD/464,NA/464
1517,LTD/466,NA/466
1518,LTD/469,NA/469
1519,LTD/470,NA/470
1520,LTD/472,NA/472
1521,LTD/473,NA/473
1522,LTD/474,NA/474
1523,LTD/475,NA/475
1524,LTD/478,NA/478
1525,LTD/479,NA/479
1526,LTD/48,NA/48
1527,LTD/481,NA/481
1528,LTD/483,NA/483
1529,LTD/484,NA/484
1530,LTD/488,NA/488
1531,LTD/489,NA/489
1532,LTD/49,NA/49
1533,LTD/490,NA/490
1534,LTD/491,NA/491
1535,LTD/493,NA/493
1536,LTD/494,NA/494
1537,LTD/495,NA/495
1538,LTD/5,NA/5
1539,LTD/506,NA/506
1540,LTD/509,NA/509
1541,LTD/51,NA/51
1542,LTD/510,NA/510
1543,LTD/511,NA/511
1544,LTD/512,NA/512
1545,LTD/513,NA/513
1546,LTD/515,NA/515
1547,LTD/516,NA/516
1548,LTD/517,NA/517
1549,LTD/518,NA/518
1550,LTD/520,NA/520
1551,LTD/524,NA/524
1552,LTD/525,NA/525
1553,LTD/526,NA/526
1554,LTD/527,NA/527
1555,LTD/528,NA/528
1556,LTD/529,NA/529
1557,LTD/530,NA/530
1558,LTD/531,NA/531
1559,LTD/532,NA/532
1560,LTD/533,NA/533
1561,LTD/539,NA/539
1562,LTD/54,NA/54
1563,LTD/540,NA/540
1564,LTD/542,NA/542
1565,LTD/546,NA/546
1566,LTD/551,NA/551
1567,LTD/552,NA/552
1568,LTD/557,NA/557
1569,LTD/558,NA/558
1570,LTD/559,NA/559
1571,LTD/560,NA/560
1572,LTD/566,NA/566
1573,LTD/568,NA/568
1574,LTD/57,NA/57
1575,LTD/573,NA/573
1576,LTD/576,NA/576
1577,LTD/577,NA/577
1578,LTD/578,NA/578
1579,LTD/586,NA/586
1580,LTD/588,NA/588
1581,LTD/589,NA/589
1582,LTD/59,NA/59
1583,LTD/591,NA/591
1584,LTD/594,NA/594
1585,LTD/598,NA/598
1586,LTD/60,NA/60
1587,LTD/600,NA/600
1588,LTD/601,NA/601
1589,LTD/602,NA/602
1590,LTD/603,NA/603
1591,LTD/609,NA/609
1592,LTD/610,NA/610
1593,LTD/612,NA/612
1594,LTD/614,NA/614
1595,LTD/616,NA/616
1596,LTD/617,NA/617
1597,LTD/619,NA/619
1598,LTD/620,NA/620
1599,LTD/621,NA/621
1600,LTD/622,NA/622
1601,LTD/627,NA/627
1602,LTD/63,NA/63
1603,LTD/64,NA/64
1604,LTD/640,NA/640
1605,LTD/645,NA/645
1606,LTD/646,NA/646
1607,LTD/651,NA/651
1608,LTD/652,NA/652
1609,LTD/656,NA/656
1610,LTD/659,NA/659
1611,LTD/66,NA/66
1612,LTD/660,NA/660
1613,LTD/663,NA/663
1614,LTD/664,NA/664
1615,LTD/668,NA/668
1616,LTD/670,NA/670
1617,LTD/671,NA/671
1618,LTD/673,NA/673
1619,LTD/674,NA/674
1620,LTD/675,NA/675
1621,LTD/676,NA/676
1622,LTD/678,NA/678
1623,LTD/68,NA/68
1624,LTD/680,NA/680
1625,LTD/681,NA/681
1626,LTD/682,NA/682
1627,LTD/683,NA/683
1628,LTD/684,NA/684
1629,LTD/685,NA/685
1630,LTD/686,NA/686
1631,LTD/687,NA/687
1632,LTD/688,NA/688
1633,LTD/689,NA/689
1634,LTD/69,NA/69
1635,LTD/690,NA/690
1636,LTD/691,NA/691
1637,LTD/695,NA/695
1638,LTD/696,NA/696
1639,LTD/697,NA/697
1640,LTD/698,NA/698
1641,LTD/699,NA/699
1642,LTD/7,NA/7
1643,LTD/700,NA/700
1644,LTD/701,NA/701
1645,LTD/704,NA/704
1646,LTD/706,NA/706
1647,LTD/708,NA/708
1648,LTD/71,NA/71
1649,LTD/712,NA/712
1650,LTD/715,NA/715
1651,LTD/716,NA/716
1652,LTD/717,NA/717
1653,LTD/720,NA/720
1654,LTD/721,NA/721
1655,LTD/723,NA/723
1656,LTD/725,NA/725
1657,LTD/726,NA/726
1658,LTD/739,NA/739
1659,LTD/74,NA/74
1660,LTD/740,NA/740
1661,LTD/741,NA/741
1662,LTD/742,NA/742
1663,LTD/743,NA/743
1664,LTD/744,NA/744
1665,LTD/746,NA/746
1666,LTD/75,NA/75
1667,LTD/752,NA/752
1668,LTD/753,NA/753
1669,LTD/755,NA/755
1670,LTD/758,NA/758
1671,LTD/759,NA/759
1672,LTD/76,NA/76
1673,LTD/760,NA/760
1674,LTD/763,NA/763
1675,LTD/765,NA/765
1676,LTD/766,NA/766
1677,LTD/768,NA/768
1678,LTD/769,NA/769
1679,LTD/77,NA/77
1680,LTD/770,NA/770
1681,LTD/774,NA/774
1682,LTD/779,NA/779
1683,LTD/78,NA/78
1684,LTD/780,NA/780
1685,LTD/781,NA/781
1686,LTD/782,NA/782
1687,LTD/786,NA/786
1688,LTD/787,NA/787
1689,LTD/788,NA/788
1690,LTD/789,NA/789
1691,LTD/79,NA/79
1692,LTD/790,NA/790
1693,LTD/791,NA/791
1694,LTD/792,NA/792
1695,LTD/793,NA/793
1696,LTD/794,NA/794
1697,LTD/795,NA/795
1698,LTD/796,NA/796
1699,LTD/797,NA/797
1700,LTD/798,NA/798
1701,LTD/799,NA/799
1702,LTD/8,NA/8
1703,LTD/800,NA/800
1704,LTD/801,NA/801
1705,LTD/802,NA/802
1706,LTD/805,NA/805
1707,LTD/806,NA/806
1708,LTD/807,NA/807
1709,LTD/809,NA/809
1710,LTD/810,NA/810
1711,LTD/812,NA/812
1712,LTD/814,NA/814
1713,LTD/815,NA/815
1714,LTD/818,NA/818
1715,LTD/819,NA/819
1716,LTD/82,NA/82
1717,LTD/820,NA/820
1718,LTD/821,NA/821
1719,LTD/824,NA/824
1720,LTD/825,NA/825
1721,LTD/827,NA/827
1722,LTD/828,NA/828
1723,LTD/83,NA/83
1724,LTD/831,NA/831
1725,LTD/832,NA/832
1726,LTD/833,NA/833
1727,LTD/834,NA/834
1728,LTD/836,NA/836
1729,LTD/842,NA/842
1730,LTD/846,NA/846
1731,LTD/848,NA/848
1732,LTD/85,NA/85
1733,LTD/86,NA/86
1734,LTD/860,NA/860
1735,LTD/863,NA/863
1736,LTD/868,NA/868
1737,LTD/87,NA/87
1738,LTD/870,NA/870
1739,LTD/871,NA/871
1740,LTD/872,NA/872
1741,LTD/873,NA/873
1742,LTD/874,NA/874
1743,LTD/876,NA/876
1744,LTD/877,NA/877
1745,LTD/879,NA/879
1746,LTD/881,NA/881
1747,LTD/882,NA/882
1748,LTD/884,NA/884
1749,LTD/885,NA/885
1750,LTD/886,NA/886
1751,LTD/887,NA/887
1752,LTD/888,NA/888
1753,LTD/89,NA/89
1754,LTD/895,NA/895
1755,LTD/896,NA/896
1756,LTD/898,NA/898
1757,LTD/90,NA/90
1758,LTD/903,NA/903
1759,LTD/904,NA/904
1760,LTD/906,NA/906
1761,LTD/910,NA/910
1762,LTD/911,NA/911
1763,LTD/912,NA/912
1764,LTD/915,NA/915
1765,LTD/918,NA/918
1766,LTD/919,NA/919
1767,LTD/92,NA/92
1768,LTD/921,NA/921
1769,LTD/923,NA/923
1770,LTD/924,NA/924
1771,LTD/926,NA/926
1772,LTD/927,NA/927
1773,LTD/929,NA/929
1774,LTD/931,NA/931
1775,LTD/932,NA/932
1776,LTD/933,NA/933
1777,LTD/936,NA/936
1778,LTD/937,NA/937
1779,LTD/938,NA/938
1780,LTD/939,NA/939
1781,LTD/94,NA/94
1782,LTD/942,NA/942
1783,LTD/944,NA/944
1784,LTD/945,NA/945
1785,LTD/95,NA/95
1786,LTD/950,NA/950
1787,LTD/951,NA/951
1788,LTD/952,NA/952
1789,LTD/953,NA/953
1790,LTD/954,NA/954
1791,LTD/958,NA/958
1792,LTD/959,NA/959
1793,LTD/96,NA/96
1794,LTD/961,NA/961
1795,LTD/964,NA/964
1796,LTD/965,NA/965
1797,LTD/968,NA/968
1798,LTD/97,NA/97
1799,LTD/970,NA/970
1800,LTD/974,NA/974
1801,LTD/975,NA/975
1802,LTD/977,NA/977
1803,LTD/98,NA/98
1804,LTD/985,NA/985
1805,LTD/988,NA/988
1806,LTD/99,NA/99
1807,LTD/990,NA/990
1808,LTD/992,NA/992
1809,LTD/994,NA/994
1810,LTD/995,NA/995
1811,LTD/996,NA/996
1812,LTD/997,NA/997
1813,LVC/1111,LVC/1111
1814,LVC/1132,LVC/1132
1815,LVC/1169,LVC/1169
1816,LVC/1182,LVC/1182
1817,LVC/1200,LVC/1200
1818,LVC/1201,LVC/1201
1819,LVC/1202,LVC/1202
1820,LVCR/260,LVCR/260
1821,PLC/1,PLC/1
1822,PLC/10,PLC/10
1823,PLC/100,PLC/100
1824,PLC/1000,PLC/1000
1825,PLC/1002,PLC/1002
1826,PLC/1003,PLC/1003
1827,PLC/1004,PLC/1004
1828,PLC/1005,PLC/1005
1829,PLC/1008,PLC/1008
1830,PLC/1011,PLC/1011
1831,PLC/1012,PLC/1012
1832,PLC/1013,PLC/1013
1833,PLC/1014,PLC/1014
1834,PLC/1015,PLC/1015
1835,PLC/1016,PLC/1016
1836,PLC/1017,PLC/1017
1837,PLC/1018,PLC/1018
1838,PLC/1019,PLC/1019
1839,PLC/1020,PLC/1020
1840,PLC/1022,PLC/1022
1841,PLC/1023,PLC/1023
1842,PLC/1024,PLC/1024
1843,PLC/1025,PLC/1025
1844,PLC/1026,PLC/1026
1845,PLC/1027,PLC/1027
1846,PLC/1028,PLC/1028
1847,PLC/1029,PLC/1029
1848,PLC/103,PLC/103
1849,PLC/1030,PLC/1030
1850,PLC/1031,PLC/1031
1851,PLC/1032,PLC/1032
1852,PLC/1033,PLC/1033
1853,PLC/1034,PLC/1034
1854,PLC/1035,PLC/1035
1855,PLC/1036,PLC/1036
1856,PLC/1037,PLC/1037
1857,PLC/1038,PLC/1038
1858,PLC/1039,PLC/1039
1859,PLC/104,PLC/104
1860,PLC/1040,PLC/1040
1861,PLC/1041,PLC/1041
1862,PLC/1042,PLC/1042
1863,PLC/1043,PLC/1043
1864,PLC/1044,PLC/1044
1865,PLC/1045,PLC/1045
1866,PLC/1046,PLC/1046
1867,PLC/1047,PLC/1047
1868,PLC/1048,PLC/1048
1869,PLC/1049,PLC/1049
1870,PLC/105,PLC/105
1871,PLC/1050,PLC/1050
1872,PLC/1051,PLC/1051
1873,PLC/1052,PLC/1052
1874,PLC/1053,PLC/1053
1875,PLC/1054,PLC/1054
1876,PLC/1055,PLC/1055
1877,PLC/1056,PLC/1056
1878,PLC/1057,PLC/1057
1879,PLC/1059,PLC/1059
1880,PLC/106,PLC/106
1881,PLC/1060,PLC/1060
1882,PLC/1061,PLC/1061
1883,PLC/1062,PLC/1062
1884,PLC/1063,PLC/1063
1885,PLC/1064,PLC/1064
1886,PLC/1065,PLC/1065
1887,PLC/1066,PLC/1066
1888,PLC/1067,PLC/1067
1889,PLC/1068,PLC/1068
1890,PLC/1069,PLC/1069
1891,PLC/107,PLC/107
1892,PLC/1070,PLC/1070
1893,PLC/1071,PLC/1071
1894,PLC/1072,PLC/1072
1895,PLC/1073,PLC/1073
1896,PLC/1074,PLC/1074
1897,PLC/1075,PLC/1075
1898,PLC/1076,PLC/1076
1899,PLC/1079,PLC/1079
1900,PLC/108,PLC/108
1901,PLC/1080,PLC/1080
1902,PLC/1081,PLC/1081
1903,PLC/1082,PLC/1082
1904,PLC/1083,PLC/1083
1905,PLC/1084,PLC/1084
1906,PLC/1085,PLC/1085
1907,PLC/1087,PLC/1087
1908,PLC/1088,PLC/1088
1909,PLC/1089,PLC/1089
1910,PLC/1090,PLC/1090
1911,PLC/1091,PLC/1091
1912,PLC/1092,PLC/1092
1913,PLC/1093,PLC/1093
1914,PLC/1095,PLC/1095
1915,PLC/1096,PLC/1096
1916,PLC/1097,PLC/1097
1917,PLC/1098,PLC/1098
1918,PLC/11,PLC/11
1919,PLC/110,PLC/110
1920,PLC/1101,PLC/1101
1921,PLC/1102,PLC/1102
1922,PLC/1104,PLC/1104
1923,PLC/1105,PLC/1105
1924,PLC/1106,PLC/1106
1925,PLC/1108,PLC/1108
1926,PLC/1109,PLC/1109
1927,PLC/111,PLC/111
1928,PLC/1110,PLC/1110
1929,PLC/1111,PLC/1111
1930,PLC/1112,PLC/1112
1931,PLC/1113,PLC/1113
1932,PLC/1114,PLC/1114
1933,PLC/1116,PLC/1116
1934,PLC/1117,PLC/1117
1935,PLC/1118,PLC/1118
1936,PLC/1119,PLC/1119
1937,PLC/112,PLC/112
1938,PLC/1120,PLC/1120
1939,PLC/1121,PLC/1121
1940,PLC/1122,PLC/1122
1941,PLC/1123,PLC/1123
1942,PLC/1124,PLC/1124
1943,PLC/1125,PLC/1125
1944,PLC/1126,PLC/1126
1945,PLC/1127,PLC/1127
1946,PLC/1128,PLC/1128
1947,PLC/1129,PLC/1129
1948,PLC/113,PLC/113
1949,PLC/1131,PLC/1131
1950,PLC/1132,PLC/1132
1951,PLC/1133,PLC/1133
1952,PLC/1135,PLC/1135
1953,PLC/1136,PLC/1136
1954,PLC/1138,PLC/1138
1955,PLC/1139,PLC/1139
1956,PLC/114,PLC/114
1957,PLC/1141,PLC/1141
1958,PLC/1142,PLC/1142
1959,PLC/1143,PLC/1143
1960,PLC/1144,PLC/1144
1961,PLC/1147,PLC/1147
1962,PLC/1148,PLC/1148
1963,PLC/1149,PLC/1149
1964,PLC/115,PLC/115
1965,PLC/1150,PLC/1150
1966,PLC/1151,PLC/1151
1967,PLC/1152,PLC/1152
1968,PLC/1153,PLC/1153
1969,PLC/1154,PLC/1154
1970,PLC/1155,PLC/1155
1971,PLC/1158,PLC/1158
1972,PLC/1159,PLC/1159
1973,PLC/116,PLC/116
1974,PLC/1160,PLC/1160
1975,PLC/1161,PLC/1161
1976,PLC/1162,PLC/1162
1977,PLC/1163,PLC/1163
1978,PLC/1164,PLC/1164
1979,PLC/1165,PLC/1165
1980,PLC/1166,PLC/1166
1981,PLC/1167,PLC/1167
1982,PLC/1169,PLC/1169
1983,PLC/117,PLC/117
1984,PLC/1170,PLC/1170
1985,PLC/1171,PLC/1171
1986,PLC/1173,PLC/1173
1987,PLC/1174,PLC/1174
1988,PLC/1175,PLC/1175
1989,PLC/1176,PLC/1176
1990,PLC/1177,PLC/1177
1991,PLC/1178,PLC/1178
1992,PLC/118,PLC/118
1993,PLC/1180,PLC/1180
1994,PLC/1181,PLC/1181
1995,PLC/1182,PLC/1182
1996,PLC/1187,PLC/1187
1997,PLC/1188,PLC/1188
1998,PLC/1189,PLC/1189
1999,PLC/119,PLC/119
2000,PLC/1190,PLC/1190
2001,PLC/1191,PLC/1191
2002,PLC/1192,PLC/1192
2003,PLC/1193,PLC/1193
2004,PLC/1194,PLC/1194
2005,PLC/1195,PLC/1195
2006,PLC/1196,PLC/1196
2007,PLC/1197,PLC/1197
2008,PLC/1198,PLC/1198
2009,PLC/1199,PLC/1199
2010,PLC/12,PLC/12
2011,PLC/120,PLC/120
2012,PLC/1201,PLC/1201
2013,PLC/1202,PLC/1202
2014,PLC/1203,PLC/1203
2015,PLC/1204,PLC/1204
2016,PLC/1205,PLC/1205
2017,PLC/1206,PLC/1206
2018,PLC/1207,PLC/1207
2019,PLC/1208,PLC/1208
2020,PLC/1209,PLC/1209
2021,PLC/121,PLC/121
2022,PLC/1210,PLC/1210
2023,PLC/1211,PLC/1211
2024,PLC/1212,PLC/1212
2025,PLC/1213,PLC/1213
2026,PLC/1214,PLC/1214
2027,PLC/1215,PLC/1215
2028,PLC/1216,PLC/1216
2029,PLC/1217,PLC/1217
2030,PLC/122,PLC/122
2031,PLC/1220,PLC/1220
2032,PLC/1221,PLC/1221
2033,PLC/1222,PLC/1222
2034,PLC/1223,PLC/1223
2035,PLC/1224,PLC/1224
2036,PLC/1225,PLC/1225
2037,PLC/1226,PLC/1226
2038,PLC/1228,PLC/1228
2039,PLC/1229,PLC/1229
2040,PLC/123,PLC/123
2041,PLC/1230,PLC/1230
2042,PLC/1231,PLC/1231
2043,PLC/1232,PLC/1232
2044,PLC/1233,PLC/1233
2045,PLC/1234,PLC/1234
2046,PLC/1235,PLC/1235
2047,PLC/1236,PLC/1236
2048,PLC/1237,PLC/1237
2049,PLC/1238,PLC/1238
2050,PLC/1240,PLC/1240
2051,PLC/1241,PLC/1241
2052,PLC/1242,PLC/1242
2053,PLC/1243,PLC/1243
2054,PLC/1244,PLC/1244
2055,PLC/1246,PLC/1246
2056,PLC/1247,PLC/1247
2057,PLC/1248,PLC/1248
2058,PLC/1249,PLC/1249
2059,PLC/1250,PLC/1250
2060,PLC/1251,PLC/1251
2061,PLC/1252,PLC/1252
2062,PLC/1253,PLC/1253
2063,PLC/1254,PLC/1254
2064,PLC/1255,PLC/1255
2065,PLC/1256,PLC/1256
2066,PLC/1257,PLC/1257
2067,PLC/1259,PLC/1259
2068,PLC/126,PLC/126
2069,PLC/1260,PLC/1260
2070,PLC/1262,PLC/1262
2071,PLC/1264,PLC/1264
2072,PLC/1265,PLC/1265
2073,PLC/1266,PLC/1266
2074,PLC/1267,PLC/1267
2075,PLC/1268,PLC/1268
2076,PLC/1269,PLC/1269
2077,PLC/127,PLC/127
2078,PLC/1271,PLC/1271
2079,PLC/1272,PLC/1272
2080,PLC/1273,PLC/1273
2081,PLC/1274,PLC/1274
2082,PLC/1275,PLC/1275
2083,PLC/1276,PLC/1276
2084,PLC/1277,PLC/1277
2085,PLC/1278,PLC/1278
2086,PLC/1279,PLC/1279
2087,PLC/128,PLC/128
2088,PLC/1280,PLC/1280
2089,PLC/1281,PLC/1281
2090,PLC/1282,PLC/1282
2091,PLC/1283,PLC/1283
2092,PLC/1284,PLC/1284
2093,PLC/1285,PLC/1285
2094,PLC/1288,PLC/1288
2095,PLC/1289,PLC/1289
2096,PLC/129,PLC/129
2097,PLC/1290,PLC/1290
2098,PLC/1291,PLC/1291
2099,PLC/1292,PLC/1292
2100,PLC/1293,PLC/1293
2101,PLC/1294,PLC/1294
2102,PLC/1295,PLC/1295
2103,PLC/1296,PLC/1296
2104,PLC/1297,PLC/1297
2105,PLC/1298,PLC/1298
2106,PLC/1299,PLC/1299
2107,PLC/13,PLC/13
2108,PLC/130,PLC/130
2109,PLC/1300,PLC/1300
2110,PLC/1301,PLC/1301
2111,PLC/1302,PLC/1302
2112,PLC/1303,PLC/1303
2113,PLC/1304,PLC/1304
2114,PLC/1305,PLC/1305
2115,PLC/1306,PLC/1306
2116,PLC/1307,PLC/1307
2117,PLC/1308,PLC/1308
2118,PLC/1309,PLC/1309
2119,PLC/131,PLC/131
2120,PLC/1310,PLC/1310
2121,PLC/1311,PLC/1311
2122,PLC/1312,PLC/1312
2123,PLC/1313,PLC/1313
2124,PLC/1314,PLC/1314
2125,PLC/1315,PLC/1315
2126,PLC/1316,PLC/1316
2127,PLC/1317,PLC/1317
2128,PLC/1319,PLC/1319
2129,PLC/132,PLC/132
2130,PLC/1320,PLC/1320
2131,PLC/1321,PLC/1321
2132,PLC/1322,PLC/1322
2133,PLC/1323,PLC/1323
2134,PLC/1324,PLC/1324
2135,PLC/1326,PLC/1326
2136,PLC/1327,PLC/1327
2137,PLC/1328,PLC/1328
2138,PLC/1329,PLC/1329
2139,PLC/133,PLC/133
2140,PLC/1330,PLC/1330
2141,PLC/1331,PLC/1331
2142,PLC/1332,PLC/1332
2143,PLC/1333,PLC/1333
2144,PLC/1334,PLC/1334
2145,PLC/1335,PLC/1335
2146,PLC/1336,PLC/1336
2147,PLC/1337,PLC/1337
2148,PLC/1338,PLC/1338
2149,PLC/1339,PLC/1339
2150,PLC/134,PLC/134
2151,PLC/1340,PLC/1340
2152,PLC/1341,PLC/1341
2153,PLC/1342,PLC/1342
2154,PLC/1343,PLC/1343
2155,PLC/1344,PLC/1344
2156,PLC/1345,PLC/1345
2157,PLC/1346,PLC/1346
2158,PLC/1347,PLC/1347
2159,PLC/1348,PLC/1348
2160,PLC/1349,PLC/1349
2161,PLC/135,PLC/135
2162,PLC/1350,PLC/1350
2163,PLC/1351,PLC/1351
2164,PLC/1352,PLC/1352
2165,PLC/1353,PLC/1353
2166,PLC/1354,PLC/1354
2167,PLC/1355,PLC/1355
2168,PLC/1356,PLC/1356
2169,PLC/1357,PLC/1357
2170,PLC/1358,PLC/1358
2171,PLC/1359,PLC/1359
2172,PLC/136,PLC/136
2173,PLC/1360,PLC/1360
2174,PLC/1361,PLC/1361
2175,PLC/1362,PLC/1362
2176,PLC/1363,PLC/1363
2177,PLC/1364,PLC/1364
2178,PLC/1365,PLC/1365
2179,PLC/1366,PLC/1366
2180,PLC/1367,PLC/1367
2181,PLC/1368,PLC/1368
2182,PLC/1369,PLC/1369
2183,PLC/137,PLC/137
2184,PLC/1370,PLC/1370
2185,PLC/1371,PLC/1371
2186,PLC/1372,PLC/1372
2187,PLC/1373,PLC/1373
2188,PLC/1374,PLC/1374
2189,PLC/1375,PLC/1375
2190,PLC/1376,PLC/1376
2191,PLC/1377,PLC/1377
2192,PLC/1378,PLC/1378
2193,PLC/1379,PLC/1379
2194,PLC/138,PLC/138
2195,PLC/1380,PLC/1380
2196,PLC/1382,PLC/1382
2197,PLC/1383,PLC/1383
2198,PLC/1384,PLC/1384
2199,PLC/1385,PLC/1385
2200,PLC/1386,PLC/1386
2201,PLC/1387,PLC/1387
2202,PLC/1388,PLC/1388
2203,PLC/1389,PLC/1389
2204,PLC/139,PLC/139
2205,PLC/1390,PLC/1390
2206,PLC/1391,PLC/1391
2207,PLC/1392,PLC/1392
2208,PLC/1393,PLC/1393
2209,PLC/1394,PLC/1394
2210,PLC/1395,PLC/1395
2211,PLC/1396,PLC/1396
2212,PLC/1397,PLC/1397
2213,PLC/1398,PLC/1398
2214,PLC/1399,PLC/1399
2215,PLC/14,PLC/14
2216,PLC/140,PLC/140
2217,PLC/1400,PLC/1400
2218,PLC/1401,PLC/1401
2219,PLC/1402,PLC/1402
2220,PLC/1403,PLC/1403
2221,PLC/1404,PLC/1404
2222,PLC/1405,PLC/1405
2223,PLC/1406,PLC/1406
2224,PLC/1407,PLC/1407
2225,PLC/1408,PLC/1408
2226,PLC/1409,PLC/1409
2227,PLC/141,PLC/141
2228,PLC/1410,PLC/1410
2229,PLC/1411,PLC/1411
2230,PLC/1413,PLC/1413
2231,PLC/1414,PLC/1414
2232,PLC/1415,PLC/1415
2233,PLC/1416,PLC/1416
2234,PLC/1417,PLC/1417
2235,PLC/1418,PLC/1418
2236,PLC/1419,PLC/1419
2237,PLC/142,PLC/142
2238,PLC/1420,PLC/1420
2239,PLC/1421,PLC/1421
2240,PLC/1422,PLC/1422
2241,PLC/1423,PLC/1423
2242,PLC/1424,PLC/1424
2243,PLC/1425,PLC/1425
2244,PLC/1426,PLC/1426
2245,PLC/1427,PLC/1427
2246,PLC/1428,PLC/1428
2247,PLC/1429,PLC/1429
2248,PLC/143,PLC/143
2249,PLC/1430,PLC/1430
2250,PLC/1431,PLC/1431
2251,PLC/1432,PLC/1432
2252,PLC/1433,PLC/1433
2253,PLC/1434,PLC/1434
2254,PLC/1436,PLC/1436
2255,PLC/1437,PLC/1437
2256,PLC/1438,PLC/1438
2257,PLC/1439,PLC/1439
2258,PLC/144,PLC/144
2259,PLC/1440,PLC/1440
2260,PLC/1441,PLC/1441
2261,PLC/1442,PLC/1442
2262,PLC/1443,PLC/1443
2263,PLC/1444,PLC/1444
2264,PLC/1445,PLC/1445
2265,PLC/1446,PLC/1446
2266,PLC/1447,PLC/1447
2267,PLC/1448,PLC/1448
2268,PLC/1449,PLC/1449
2269,PLC/145,PLC/145
2270,PLC/1450,PLC/1450
2271,PLC/1451,PLC/1451
2272,PLC/1452,PLC/1452
2273,PLC/1453,PLC/1453
2274,PLC/1455,PLC/1455
2275,PLC/1456,PLC/1456
2276,PLC/1457,PLC/1457
2277,PLC/1458,PLC/1458
2278,PLC/1459,PLC/1459
2279,PLC/146,PLC/146
2280,PLC/1460,PLC/1460
2281,PLC/1461,PLC/1461
2282,PLC/1462,PLC/1462
2283,PLC/1463,PLC/1463
2284,PLC/1464,PLC/1464
2285,PLC/1465,PLC/1465
2286,PLC/1467,PLC/1467
2287,PLC/1468,PLC/1468
2288,PLC/1469,PLC/1469
2289,PLC/147,PLC/147
2290,PLC/1470,PLC/1470
2291,PLC/1471,PLC/1471
2292,PLC/1472,PLC/1472
2293,PLC/1473,PLC/1473
2294,PLC/1474,PLC/1474
2295,PLC/1475,PLC/1475
2296,PLC/1476,PLC/1476
2297,PLC/1477,PLC/1477
2298,PLC/1478,PLC/1478
2299,PLC/1479,PLC/1479
2300,PLC/148,PLC/148
2301,PLC/1481,PLC/1481
2302,PLC/1482,PLC/1482
2303,PLC/1483,PLC/1483
2304,PLC/1485,PLC/1485
2305,PLC/1486,PLC/1486
2306,PLC/1487,PLC/1487
2307,PLC/1488,PLC/1488
2308,PLC/1489,PLC/1489
2309,PLC/149,PLC/149
2310,PLC/1490,PLC/1490
2311,PLC/1491,PLC/1491
2312,PLC/1492,PLC/1492
2313,PLC/1493,PLC/1493
2314,PLC/1494,PLC/1494
2315,PLC/1496,PLC/1496
2316,PLC/1497,PLC/1497
2317,PLC/1499,PLC/1499
2318,PLC/15,PLC/15
2319,PLC/150,PLC/150
2320,PLC/1500,PLC/1500
2321,PLC/1501,PLC/1501
2322,PLC/1502,PLC/1502
2323,PLC/1503,PLC/1503
2324,PLC/1504,PLC/1504
2325,PLC/1505,PLC/1505
2326,PLC/1506,PLC/1506
2327,PLC/1507,PLC/1507
2328,PLC/1508,PLC/1508
2329,PLC/1509,PLC/1509
2330,PLC/151,PLC/151
2331,PLC/1510,PLC/1510
2332,PLC/1511,PLC/1511
2333,PLC/1513,PLC/1513
2334,PLC/1514,PLC/1514
2335,PLC/1515,PLC/1515
2336,PLC/1516,PLC/1516
2337,PLC/1517,PLC/1517
2338,PLC/1518,PLC/1518
2339,PLC/1519,PLC/1519
2340,PLC/152,PLC/152
2341,PLC/1520,PLC/1520
2342,PLC/1521,PLC/1521
2343,PLC/1522,PLC/1522
2344,PLC/1523,PLC/1523
2345,PLC/1524,PLC/1524
2346,PLC/1525,PLC/1525
2347,PLC/1526,PLC/1526
2348,PLC/1527,PLC/1527
2349,PLC/1528,PLC/1528
2350,PLC/1529,PLC/1529
2351,PLC/153,PLC/153
2352,PLC/1530,PLC/1530
2353,PLC/1532,PLC/1532
2354,PLC/1533,PLC/1533
2355,PLC/1534,PLC/1534
2356,PLC/1535,PLC/1535
2357,PLC/1536,PLC/1536
2358,PLC/1537,PLC/1537
2359,PLC/1538,PLC/1538
2360,PLC/1539,PLC/1539
2361,PLC/154,PLC/154
2362,PLC/1541,PLC/1541
2363,PLC/1545,PLC/1545
2364,PLC/1549,PLC/1549
2365,PLC/155,PLC/155
2366,PLC/1552,PLC/1552
2367,PLC/1553,PLC/1553
2368,PLC/1554,PLC/1554
2369,PLC/1555,PLC/1555
2370,PLC/1556,PLC/1556
2371,PLC/1557,PLC/1557
2372,PLC/1558,PLC/1558
2373,PLC/1559,PLC/1559
2374,PLC/156,PLC/156
2375,PLC/1560,PLC/1560
2376,PLC/1561,PLC/1561
2377,PLC/1562,PLC/1562
2378,PLC/1563,PLC/1563
2379,PLC/1564,PLC/1564
2380,PLC/1565,PLC/1565
2381,PLC/1566,PLC/1566
2382,PLC/1567,PLC/1567
2383,PLC/1568,PLC/1568
2384,PLC/1569,PLC/1569
2385,PLC/157,PLC/157
2386,PLC/1570,PLC/1570
2387,PLC/1571,PLC/1571
2388,PLC/1572,PLC/1572
2389,PLC/1573,PLC/1573
2390,PLC/1574,PLC/1574
2391,PLC/1575,PLC/1575
2392,PLC/158,PLC/158
2393,PLC/159,PLC/159
2394,PLC/16,PLC/16
2395,PLC/160,PLC/160
2396,PLC/161,PLC/161
2397,PLC/162,PLC/162
2398,PLC/163,PLC/163
2399,PLC/164,PLC/164
2400,PLC/165,PLC/165
2401,PLC/166,PLC/166
2402,PLC/167,PLC/167
2403,PLC/168,PLC/168
2404,PLC/169,PLC/169
2405,PLC/17,PLC/17
2406,PLC/170,PLC/170
2407,PLC/171,PLC/171
2408,PLC/172,PLC/172
2409,PLC/174,PLC/174
2410,PLC/175,PLC/175
2411,PLC/176,PLC/176
2412,PLC/177,PLC/177
2413,PLC/178,PLC/178
2414,PLC/179,PLC/179
2415,PLC/18,PLC/18
2416,PLC/180,PLC/180
2417,PLC/181,PLC/181
2418,PLC/182,PLC/182
2419,PLC/183,PLC/183
2420,PLC/184,PLC/184
2421,PLC/185,PLC/185
2422,PLC/186,PLC/186
2423,PLC/187,PLC/187
2424,PLC/188,PLC/188
2425,PLC/189,PLC/189
2426,PLC/19,PLC/19
2427,PLC/190,PLC/190
2428,PLC/191,PLC/191
2429,PLC/192,PLC/192
2430,PLC/193,PLC/193
2431,PLC/194,PLC/194
2432,PLC/197,PLC/197
2433,PLC/198,PLC/198
2434,PLC/199,PLC/199
2435,PLC/2,PLC/2
2436,PLC/20,PLC/20
2437,PLC/200,PLC/200
2438,PLC/202,PLC/202
2439,PLC/203,PLC/203
2440,PLC/204,PLC/204
2441,PLC/205,PLC/205
2442,PLC/206,PLC/206
2443,PLC/207,PLC/207
2444,PLC/208,PLC/208
2445,PLC/209,PLC/209
2446,PLC/21,PLC/21
2447,PLC/210,PLC/210
2448,PLC/211,PLC/211
2449,PLC/213,PLC/213
2450,PLC/214,PLC/214
2451,PLC/215,PLC/215
2452,PLC/217,PLC/217
2453,PLC/219,PLC/219
2454,PLC/22,PLC/22
2455,PLC/220,PLC/220
2456,PLC/221,PLC/221
2457,PLC/222,PLC/222
2458,PLC/223,PLC/223
2459,PLC/224,PLC/224
2460,PLC/225,PLC/225
2461,PLC/226,PLC/226
2462,PLC/227,PLC/227
2463,PLC/229,PLC/229
2464,PLC/230,PLC/230
2465,PLC/231,PLC/231
2466,PLC/232,PLC/232
2467,PLC/233,PLC/233
2468,PLC/234,PLC/234
2469,PLC/237,PLC/237
2470,PLC/238,PLC/238
2471,PLC/24,PLC/24
2472,PLC/240,PLC/240
2473,PLC/241,PLC/241
2474,PLC/242,PLC/242
2475,PLC/243,PLC/243
2476,PLC/244,PLC/244
2477,PLC/245,PLC/245
2478,PLC/246,PLC/246
2479,PLC/247,PLC/247
2480,PLC/248,PLC/248
2481,PLC/249,PLC/249
2482,PLC/25,PLC/25
2483,PLC/250,PLC/250
2484,PLC/251,PLC/251
2485,PLC/252,PLC/252
2486,PLC/253,PLC/253
2487,PLC/254,PLC/254
2488,PLC/255,PLC/255
2489,PLC/256,PLC/256
2490,PLC/257,PLC/257
2491,PLC/258,PLC/258
2492,PLC/259,PLC/259
2493,PLC/26,PLC/26
2494,PLC/260,PLC/260
2495,PLC/261,PLC/261
2496,PLC/262,PLC/262
2497,PLC/263,PLC/263
2498,PLC/264,PLC/264
2499,PLC/265,PLC/265
2500,PLC/266,PLC/266
2501,PLC/267,PLC/267
2502,PLC/268,PLC/268
2503,PLC/269,PLC/269
2504,PLC/27,PLC/27
2505,PLC/270,PLC/270
2506,PLC/271,PLC/271
2507,PLC/273,PLC/273
2508,PLC/274,PLC/274
2509,PLC/276,PLC/276
2510,PLC/277,PLC/277
2511,PLC/278,PLC/278
2512,PLC/28,PLC/28
2513,PLC/282,PLC/282
2514,PLC/283,PLC/283
2515,PLC/284,PLC/284
2516,PLC/285,PLC/285
2517,PLC/286,PLC/286
2518,PLC/288,PLC/288
2519,PLC/289,PLC/289
2520,PLC/29,PLC/29
2521,PLC/290,PLC/290
2522,PLC/293,PLC/293
2523,PLC/295,PLC/295
2524,PLC/296,PLC/296
2525,PLC/297,PLC/297
2526,PLC/298,PLC/298
2527,PLC/299,PLC/299
2528,PLC/3,PLC/3
2529,PLC/30,PLC/30
2530,PLC/300,PLC/300
2531,PLC/301,PLC/301
2532,PLC/302,PLC/302
2533,PLC/303,PLC/303
2534,PLC/304,PLC/304
2535,PLC/305,PLC/305
2536,PLC/306,PLC/306
2537,PLC/307,PLC/307
2538,PLC/308,PLC/308
2539,PLC/309,PLC/309
2540,PLC/31,PLC/31
2541,PLC/310,PLC/310
2542,PLC/312,PLC/312
2543,PLC/313,PLC/313
2544,PLC/314,PLC/314
2545,PLC/316,PLC/316
2546,PLC/317,PLC/317
2547,PLC/318,PLC/318
2548,PLC/319,PLC/319
2549,PLC/32,PLC/32
2550,PLC/320,PLC/320
2551,PLC/321,PLC/321
2552,PLC/322,PLC/322
2553,PLC/323,PLC/323
2554,PLC/324,PLC/324
2555,PLC/325,PLC/325
2556,PLC/326,PLC/326
2557,PLC/328,PLC/328
2558,PLC/329,PLC/329
2559,PLC/33,PLC/33
2560,PLC/331,PLC/331
2561,PLC/332,PLC/332
2562,PLC/333,PLC/333
2563,PLC/335,PLC/335
2564,PLC/338,PLC/338
2565,PLC/340,PLC/340
2566,PLC/341,PLC/341
2567,PLC/342,PLC/342
2568,PLC/343,PLC/343
2569,PLC/344,PLC/344
2570,PLC/346,PLC/346
2571,PLC/347,PLC/347
2572,PLC/348,PLC/348
2573,PLC/349,PLC/349
2574,PLC/35,PLC/35
2575,PLC/351,PLC/351
2576,PLC/352,PLC/352
2577,PLC/353,PLC/353
2578,PLC/354,PLC/354
2579,PLC/355,PLC/355
2580,PLC/356,PLC/356
2581,PLC/359,PLC/359
2582,PLC/36,PLC/36
2583,PLC/361,PLC/361
2584,PLC/362,PLC/362
2585,PLC/363,PLC/363
2586,PLC/364,PLC/364
2587,PLC/367,PLC/367
2588,PLC/369,PLC/369
2589,PLC/37,PLC/37
2590,PLC/370,PLC/370
2591,PLC/371,PLC/371
2592,PLC/372,PLC/372
2593,PLC/373,PLC/373
2594,PLC/374,PLC/374
2595,PLC/375,PLC/375
2596,PLC/376,PLC/376
2597,PLC/377,PLC/377
2598,PLC/378,PLC/378
2599,PLC/379,PLC/379
2600,PLC/38,PLC/38
2601,PLC/380,PLC/380
2602,PLC/381,PLC/381
2603,PLC/382,PLC/382
2604,PLC/383,PLC/383
2605,PLC/384,PLC/384
2606,PLC/385,PLC/385
2607,PLC/386,PLC/386
2608,PLC/387,PLC/387
2609,PLC/388,PLC/388
2610,PLC/389,PLC/389
2611,PLC/39,PLC/39
2612,PLC/390,PLC/390
2613,PLC/391,PLC/391
2614,PLC/392,PLC/392
2615,PLC/393,PLC/393
2616,PLC/394,PLC/394
2617,PLC/395,PLC/395
2618,PLC/396,PLC/396
2619,PLC/397,PLC/397
2620,PLC/398,PLC/398
2621,PLC/399,PLC/399
2622,PLC/40,PLC/40
2623,PLC/400,PLC/400
2624,PLC/401,PLC/401
2625,PLC/402,PLC/402
2626,PLC/403,PLC/403
2627,PLC/404,PLC/404
2628,PLC/405,PLC/405
2629,PLC/406,PLC/406
2630,PLC/408,PLC/408
2631,PLC/409,PLC/409
2632,PLC/411,PLC/411
2633,PLC/412,PLC/412
2634,PLC/414,PLC/414
2635,PLC/415,PLC/415
2636,PLC/416,PLC/416
2637,PLC/417,PLC/417
2638,PLC/418,PLC/418
2639,PLC/419,PLC/419
2640,PLC/42,PLC/42
2641,PLC/420,PLC/420
2642,PLC/421,PLC/421
2643,PLC/422,PLC/422
2644,PLC/423,PLC/423
2645,PLC/424,PLC/424
2646,PLC/425,PLC/425
2647,PLC/426,PLC/426
2648,PLC/427,PLC/427
2649,PLC/428,PLC/428
2650,PLC/429,PLC/429
2651,PLC/43,PLC/43
2652,PLC/430,PLC/430
2653,PLC/432,PLC/432
2654,PLC/433,PLC/433
2655,PLC/434,PLC/434
2656,PLC/435,PLC/435
2657,PLC/436,PLC/436
2658,PLC/437,PLC/437
2659,PLC/438,PLC/438
2660,PLC/439,PLC/439
2661,PLC/44,PLC/44
2662,PLC/440,PLC/440
2663,PLC/441,PLC/441
2664,PLC/442,PLC/442
2665,PLC/443,PLC/443
2666,PLC/444,PLC/444
2667,PLC/445,PLC/445
2668,PLC/446,PLC/446
2669,PLC/447,PLC/447
2670,PLC/448,PLC/448
2671,PLC/449,PLC/449
2672,PLC/45,PLC/45
2673,PLC/450,PLC/450
2674,PLC/451,PLC/451
2675,PLC/452,PLC/452
2676,PLC/453,PLC/453
2677,PLC/454,PLC/454
2678,PLC/455,PLC/455
2679,PLC/456,PLC/456
2680,PLC/457,PLC/457
2681,PLC/458,PLC/458
2682,PLC/459,PLC/459
2683,PLC/46,PLC/46
2684,PLC/460,PLC/460
2685,PLC/461,PLC/461
2686,PLC/462,PLC/462
2687,PLC/463,PLC/463
2688,PLC/464,PLC/464
2689,PLC/465,PLC/465
2690,PLC/466,PLC/466
2691,PLC/467,PLC/467
2692,PLC/469,PLC/469
2693,PLC/47,PLC/47
2694,PLC/470,PLC/470
2695,PLC/471,PLC/471
2696,PLC/472,PLC/472
2697,PLC/473,PLC/473
2698,PLC/474,PLC/474
2699,PLC/475,PLC/475
2700,PLC/476,PLC/476
2701,PLC/477,PLC/477
2702,PLC/48,PLC/48
2703,PLC/480,PLC/480
2704,PLC/482,PLC/482
2705,PLC/485,PLC/485
2706,PLC/486,PLC/486
2707,PLC/487,PLC/487
2708,PLC/489,PLC/489
2709,PLC/490,PLC/490
2710,PLC/491,PLC/491
2711,PLC/492,PLC/492
2712,PLC/493,PLC/493
2713,PLC/495,PLC/495
2714,PLC/496,PLC/496
2715,PLC/497,PLC/497
2716,PLC/498,PLC/498
2717,PLC/50,PLC/50
2718,PLC/500,PLC/500
2719,PLC/501,PLC/501
2720,PLC/502,PLC/502
2721,PLC/503,PLC/503
2722,PLC/504,PLC/504
2723,PLC/505,PLC/505
2724,PLC/506,PLC/506
2725,PLC/507,PLC/507
2726,PLC/508,PLC/508
2727,PLC/509,PLC/509
2728,PLC/510,PLC/510
2729,PLC/511,PLC/511
2730,PLC/512,PLC/512
2731,PLC/513,PLC/513
2732,PLC/514,PLC/514
2733,PLC/515,PLC/515
2734,PLC/516,PLC/516
2735,PLC/517,PLC/517
2736,PLC/518,PLC/518
2737,PLC/519,PLC/519
2738,PLC/52,PLC/52
2739,PLC/520,PLC/520
2740,PLC/521,PLC/521
2741,PLC/522,PLC/522
2742,PLC/523,PLC/523
2743,PLC/524,PLC/524
2744,PLC/525,PLC/525
2745,PLC/526,PLC/526
2746,PLC/527,PLC/527
2747,PLC/528,PLC/528
2748,PLC/529,PLC/529
2749,PLC/53,PLC/53
2750,PLC/530,PLC/530
2751,PLC/531,PLC/531
2752,PLC/534,PLC/534
2753,PLC/535,PLC/535
2754,PLC/536,PLC/536
2755,PLC/537,PLC/537
2756,PLC/538,PLC/538
2757,PLC/54,PLC/54
2758,PLC/540,PLC/540
2759,PLC/541,PLC/541
2760,PLC/542,PLC/542
2761,PLC/543,PLC/543
2762,PLC/544,PLC/544
2763,PLC/545,PLC/545
2764,PLC/547,PLC/547
2765,PLC/549,PLC/549
2766,PLC/55,PLC/55
2767,PLC/550,PLC/550
2768,PLC/551,PLC/551
2769,PLC/552,PLC/552
2770,PLC/553,PLC/553
2771,PLC/554,PLC/554
2772,PLC/555,PLC/555
2773,PLC/556,PLC/556
2774,PLC/557,PLC/557
2775,PLC/558,PLC/558
2776,PLC/559,PLC/559
2777,PLC/56,PLC/56
2778,PLC/560,PLC/560
2779,PLC/562,PLC/562
2780,PLC/563,PLC/563
2781,PLC/564,PLC/564
2782,PLC/565,PLC/565
2783,PLC/566,PLC/566
2784,PLC/567,PLC/567
2785,PLC/568,PLC/568
2786,PLC/569,PLC/569
2787,PLC/57,PLC/57
2788,PLC/570,PLC/570
2789,PLC/571,PLC/571
2790,PLC/572,PLC/572
2791,PLC/574,PLC/574
2792,PLC/575,PLC/575
2793,PLC/576,PLC/576
2794,PLC/579,PLC/579
2795,PLC/58,PLC/58
2796,PLC/580,PLC/580
2797,PLC/581,PLC/581
2798,PLC/583,PLC/583
2799,PLC/586,PLC/586
2800,PLC/587,PLC/587
2801,PLC/589,PLC/589
2802,PLC/59,PLC/59
2803,PLC/591,PLC/591
2804,PLC/592,PLC/592
2805,PLC/594,PLC/594
2806,PLC/595,PLC/595
2807,PLC/596,PLC/596
2808,PLC/597,PLC/597
2809,PLC/6,PLC/6
2810,PLC/601,PLC/601
2811,PLC/602,PLC/602
2812,PLC/606,PLC/606
2813,PLC/607,PLC/607
2814,PLC/608,PLC/608
2815,PLC/609,PLC/609
2816,PLC/610,PLC/610
2817,PLC/611,PLC/611
2818,PLC/612,PLC/612
2819,PLC/613,PLC/613
2820,PLC/614,PLC/614
2821,PLC/615,PLC/615
2822,PLC/617,PLC/617
2823,PLC/618,PLC/618
2824,PLC/619,PLC/619
2825,PLC/62,PLC/62
2826,PLC/620,PLC/620
2827,PLC/623,PLC/623
2828,PLC/624,PLC/624
2829,PLC/625,PLC/625
2830,PLC/626,PLC/626
2831,PLC/627,PLC/627
2832,PLC/628,PLC/628
2833,PLC/629,PLC/629
2834,PLC/63,PLC/63
2835,PLC/630,PLC/630
2836,PLC/631,PLC/631
2837,PLC/632,PLC/632
2838,PLC/633,PLC/633
2839,PLC/634,PLC/634
2840,PLC/636,PLC/636
2841,PLC/637,PLC/637
2842,PLC/638,PLC/638
2843,PLC/639,PLC/639
2844,PLC/64,PLC/64
2845,PLC/640,PLC/640
2846,PLC/641,PLC/641
2847,PLC/642,PLC/642
2848,PLC/643,PLC/643
2849,PLC/644,PLC/644
2850,PLC/645,PLC/645
2851,PLC/646,PLC/646
2852,PLC/647,PLC/647
2853,PLC/649,PLC/649
2854,PLC/65,PLC/65
2855,PLC/650,PLC/650
2856,PLC/651,PLC/651
2857,PLC/652,PLC/652
2858,PLC/653,PLC/653
2859,PLC/654,PLC/654
2860,PLC/655,PLC/655
2861,PLC/656,PLC/656
2862,PLC/657,PLC/657
2863,PLC/658,PLC/658
2864,PLC/659,PLC/659
2865,PLC/66,PLC/66
2866,PLC/660,PLC/660
2867,PLC/661,PLC/661
2868,PLC/662,PLC/662
2869,PLC/663,PLC/663
2870,PLC/664,PLC/664
2871,PLC/665,PLC/665
2872,PLC/666,PLC/666
2873,PLC/667,PLC/667
2874,PLC/668,PLC/668
2875,PLC/669,PLC/669
2876,PLC/67,PLC/67
2877,PLC/670,PLC/670
2878,PLC/671,PLC/671
2879,PLC/672,PLC/672
2880,PLC/673,PLC/673
2881,PLC/674,PLC/674
2882,PLC/675,PLC/675
2883,PLC/676,PLC/676
2884,PLC/677,PLC/677
2885,PLC/678,PLC/678
2886,PLC/679,PLC/679
2887,PLC/68,PLC/68
2888,PLC/680,PLC/680
2889,PLC/681,PLC/681
2890,PLC/683,PLC/683
2891,PLC/684,PLC/684
2892,PLC/685,PLC/685
2893,PLC/686,PLC/686
2894,PLC/687,PLC/687
2895,PLC/688,PLC/688
2896,PLC/689,PLC/689
2897,PLC/69,PLC/69
2898,PLC/690,PLC/690
2899,PLC/691,PLC/691
2900,PLC/692,PLC/692
2901,PLC/693,PLC/693
2902,PLC/694,PLC/694
2903,PLC/695,PLC/695
2904,PLC/696,PLC/696
2905,PLC/697,PLC/697
2906,PLC/698,PLC/698
2907,PLC/699,PLC/699
2908,PLC/7,PLC/7
2909,PLC/700,PLC/700
2910,PLC/702,PLC/702
2911,PLC/703,PLC/703
2912,PLC/704,PLC/704
2913,PLC/705,PLC/705
2914,PLC/706,PLC/706
2915,PLC/707,PLC/707
2916,PLC/708,PLC/708
2917,PLC/709,PLC/709
2918,PLC/71,PLC/71
2919,PLC/710,PLC/710
2920,PLC/711,PLC/711
2921,PLC/712,PLC/712
2922,PLC/713,PLC/713
2923,PLC/714,PLC/714
2924,PLC/715,PLC/715
2925,PLC/716,PLC/716
2926,PLC/717,PLC/717
2927,PLC/718,PLC/718
2928,PLC/719,PLC/719
2929,PLC/72,PLC/72
2930,PLC/720,PLC/720
2931,PLC/721,PLC/721
2932,PLC/722,PLC/722
2933,PLC/723,PLC/723
2934,PLC/724,PLC/724
2935,PLC/726,PLC/726
2936,PLC/727,PLC/727
2937,PLC/728,PLC/728
2938,PLC/729,PLC/729
2939,PLC/73,PLC/73
2940,PLC/730,PLC/730
2941,PLC/731,PLC/731
2942,PLC/732,PLC/732
2943,PLC/733,PLC/733
2944,PLC/734,PLC/734
2945,PLC/735,PLC/735
2946,PLC/736,PLC/736
2947,PLC/737,PLC/737
2948,PLC/738,PLC/738
2949,PLC/739,PLC/739
2950,PLC/74,PLC/74
2951,PLC/740,PLC/740
2952,PLC/741,PLC/741
2953,PLC/742,PLC/742
2954,PLC/744,PLC/744
2955,PLC/746,PLC/746
2956,PLC/747,PLC/747
2957,PLC/748,PLC/748
2958,PLC/749,PLC/749
2959,PLC/75,PLC/75
2960,PLC/750,PLC/750
2961,PLC/751,PLC/751
2962,PLC/753,PLC/753
2963,PLC/754,PLC/754
2964,PLC/755,PLC/755
2965,PLC/756,PLC/756
2966,PLC/757,PLC/757
2967,PLC/758,PLC/758
2968,PLC/759,PLC/759
2969,PLC/76,PLC/76
2970,PLC/760,PLC/760
2971,PLC/761,PLC/761
2972,PLC/762,PLC/762
2973,PLC/763,PLC/763
2974,PLC/764,PLC/764
2975,PLC/765,PLC/765
2976,PLC/766,PLC/766
2977,PLC/767,PLC/767
2978,PLC/768,PLC/768
2979,PLC/769,PLC/769
2980,PLC/77,PLC/77
2981,PLC/770,PLC/770
2982,PLC/771,PLC/771
2983,PLC/772,PLC/772
2984,PLC/773,PLC/773
2985,PLC/774,PLC/774
2986,PLC/775,PLC/775
2987,PLC/776,PLC/776
2988,PLC/777,PLC/777
2989,PLC/779,PLC/779
2990,PLC/78,PLC/78
2991,PLC/780,PLC/780
2992,PLC/781,PLC/781
2993,PLC/782,PLC/782
2994,PLC/783,PLC/783
2995,PLC/784,PLC/784
2996,PLC/785,PLC/785
2997,PLC/786,PLC/786
2998,PLC/787,PLC/787
2999,PLC/788,PLC/788
3000,PLC/789,PLC/789
3001,PLC/79,PLC/79
3002,PLC/790,PLC/790
3003,PLC/791,PLC/791
3004,PLC/792,PLC/792
3005,PLC/793,PLC/793
3006,PLC/794,PLC/794
3007,PLC/795,PLC/795
3008,PLC/796,PLC/796
3009,PLC/797,PLC/797
3010,PLC/798,PLC/798
3011,PLC/799,PLC/799
3012,PLC/8,PLC/8
3013,PLC/80,PLC/80
3014,PLC/800,PLC/800
3015,PLC/803,PLC/803
3016,PLC/804,PLC/804
3017,PLC/805,PLC/805
3018,PLC/806,PLC/806
3019,PLC/807,PLC/807
3020,PLC/808,PLC/808
3021,PLC/809,PLC/809
3022,PLC/81,PLC/81
3023,PLC/810,PLC/810
3024,PLC/811,PLC/811
3025,PLC/812,PLC/812
3026,PLC/813,PLC/813
3027,PLC/814,PLC/814
3028,PLC/815,PLC/815
3029,PLC/816,PLC/816
3030,PLC/818,PLC/818
3031,PLC/819,PLC/819
3032,PLC/82,PLC/82
3033,PLC/820,PLC/820
3034,PLC/821,PLC/821
3035,PLC/822,PLC/822
3036,PLC/823,PLC/823
3037,PLC/824,PLC/824
3038,PLC/825,PLC/825
3039,PLC/826,PLC/826
3040,PLC/827,PLC/827
3041,PLC/828,PLC/828
3042,PLC/829,PLC/829
3043,PLC/83,PLC/83
3044,PLC/830,PLC/830
3045,PLC/832,PLC/832
3046,PLC/833,PLC/833
3047,PLC/834,PLC/834
3048,PLC/835,PLC/835
3049,PLC/836,PLC/836
3050,PLC/837,PLC/837
3051,PLC/838,PLC/838
3052,PLC/84,PLC/84
3053,PLC/841,PLC/841
3054,PLC/842,PLC/842
3055,PLC/843,PLC/843
3056,PLC/844,PLC/844
3057,PLC/847,PLC/847
3058,PLC/848,PLC/848
3059,PLC/849,PLC/849
3060,PLC/85,PLC/85
3061,PLC/850,PLC/850
3062,PLC/851,PLC/851
3063,PLC/852,PLC/852
3064,PLC/854,PLC/854
3065,PLC/855,PLC/855
3066,PLC/856,PLC/856
3067,PLC/857,PLC/857
3068,PLC/858,PLC/858
3069,PLC/859,PLC/859
3070,PLC/86,PLC/86
3071,PLC/860,PLC/860
3072,PLC/861,PLC/861
3073,PLC/862,PLC/862
3074,PLC/863,PLC/863
3075,PLC/864,PLC/864
3076,PLC/865,PLC/865
3077,PLC/866,PLC/866
3078,PLC/867,PLC/867
3079,PLC/868,PLC/868
3080,PLC/869,PLC/869
3081,PLC/87,PLC/87
3082,PLC/870,PLC/870
3083,PLC/871,PLC/871
3084,PLC/872,PLC/872
3085,PLC/873,PLC/873
3086,PLC/874,PLC/874
3087,PLC/875,PLC/875
3088,PLC/876,PLC/876
3089,PLC/877,PLC/877
3090,PLC/878,PLC/878
3091,PLC/879,PLC/879
3092,PLC/88,PLC/88
3093,PLC/880,PLC/880
3094,PLC/882,PLC/882
3095,PLC/883,PLC/883
3096,PLC/884,PLC/884
3097,PLC/885,PLC/885
3098,PLC/886,PLC/886
3099,PLC/887,PLC/887
3100,PLC/888,PLC/888
3101,PLC/889,PLC/889
3102,PLC/89,PLC/89
3103,PLC/890,PLC/890
3104,PLC/891,PLC/891
3105,PLC/892,PLC/892
3106,PLC/893,PLC/893
3107,PLC/895,PLC/895
3108,PLC/896,PLC/896
3109,PLC/897,PLC/897
3110,PLC/898,PLC/898
3111,PLC/899,PLC/899
3112,PLC/9,PLC/9
3113,PLC/900,PLC/900
3114,PLC/901,PLC/901
3115,PLC/902,PLC/902
3116,PLC/903,PLC/903
3117,PLC/904,PLC/904
3118,PLC/905,PLC/905
3119,PLC/906,PLC/906
3120,PLC/907,PLC/907
3121,PLC/908,PLC/908
3122,PLC/909,PLC/909
3123,PLC/910,PLC/910
3124,PLC/911,PLC/911
3125,PLC/912,PLC/912
3126,PLC/913,PLC/913
3127,PLC/914,PLC/914
3128,PLC/916,PLC/916
3129,PLC/917,PLC/917
3130,PLC/919,PLC/919
3131,PLC/921,PLC/921
3132,PLC/922,PLC/922
3133,PLC/923,PLC/923
3134,PLC/924,PLC/924
3135,PLC/925,PLC/925
3136,PLC/926,PLC/926
3137,PLC/927,PLC/927
3138,PLC/929,PLC/929
3139,PLC/93,PLC/93
3140,PLC/930,PLC/930
3141,PLC/931,PLC/931
3142,PLC/932,PLC/932
3143,PLC/933,PLC/933
3144,PLC/934,PLC/934
3145,PLC/936,PLC/936
3146,PLC/937,PLC/937
3147,PLC/938,PLC/938
3148,PLC/939,PLC/939
3149,PLC/94,PLC/94
3150,PLC/940,PLC/940
3151,PLC/941,PLC/941
3152,PLC/942,PLC/942
3153,PLC/943,PLC/943
3154,PLC/944,PLC/944
3155,PLC/945,PLC/945
3156,PLC/946,PLC/946
3157,PLC/948,PLC/948
3158,PLC/949,PLC/949
3159,PLC/95,PLC/95
3160,PLC/950,PLC/950
3161,PLC/951,PLC/951
3162,PLC/952,PLC/952
3163,PLC/953,PLC/953
3164,PLC/954,PLC/954
3165,PLC/955,PLC/955
3166,PLC/956,PLC/956
3167,PLC/957,PLC/957
3168,PLC/958,PLC/958
3169,PLC/959,PLC/959
3170,PLC/96,PLC/96
3171,PLC/960,PLC/960
3172,PLC/962,PLC/962
3173,PLC/964,PLC/964
3174,PLC/965,PLC/965
3175,PLC/966,PLC/966
3176,PLC/967,PLC/967
3177,PLC/968,PLC/968
3178,PLC/969,PLC/969
3179,PLC/97,PLC/97
3180,PLC/972,PLC/972
3181,PLC/973,PLC/973
3182,PLC/975,PLC/975
3183,PLC/976,PLC/976
3184,PLC/977,PLC/977
3185,PLC/978,PLC/978
3186,PLC/979,PLC/979
3187,PLC/98,PLC/98
3188,PLC/980,PLC/980
3189,PLC/981,PLC/981
3190,PLC/982,PLC/982
3191,PLC/983,PLC/983
3192,PLC/984,PLC/984
3193,PLC/985,PLC/985
3194,PLC/986,PLC/986
3195,PLC/987,PLC/987
3196,PLC/988,PLC/988
3197,PLC/989,PLC/989
3198,PLC/99,PLC/99
3199,PLC/990,PLC/990
3200,PLC/991,PLC/991
3201,PLC/992,PLC/992
3202,PLC/993,PLC/993
3203,PLC/994,PLC/994
3204,PLC/995,PLC/995
3205,PLC/996,PLC/996
3206,PLC/997,PLC/997
3207,PLC/998,PLC/998
3208,PLC/999,PLC/999
3209,SANHP/3,SANHP/3
3210,SANHP/4,SANHP/4
3211,SAPLC/1,SAPLC/1
3212,SAPLC/10,SAPLC/10
3213,SAPLC/100,SAPLC/100
3214,SAPLC/101,SAPLC/101
3215,SAPLC/102,SAPLC/102
3216,SAPLC/103,SAPLC/103
3217,SAPLC/105,SAPLC/105
3218,SAPLC/106,SAPLC/106
3219,SAPLC/107,SAPLC/107
3220,SAPLC/108,SAPLC/108
3221,SAPLC/109,SAPLC/109
3222,SAPLC/11,SAPLC/11
3223,SAPLC/111,SAPLC/111
3224,SAPLC/113,SAPLC/113
3225,SAPLC/114,SAPLC/114
3226,SAPLC/115,SAPLC/115
3227,SAPLC/116,SAPLC/116
3228,SAPLC/117,SAPLC/117
3229,SAPLC/12,SAPLC/12
3230,SAPLC/120,SAPLC/120
3231,SAPLC/121,SAPLC/121
3232,SAPLC/122,SAPLC/122
3233,SAPLC/123,SAPLC/123
3234,SAPLC/126,SAPLC/126
3235,SAPLC/127,SAPLC/127
3236,SAPLC/128,SAPLC/128
3237,SAPLC/129,SAPLC/129
3238,SAPLC/130,SAPLC/130
3239,SAPLC/131,SAPLC/131
3240,SAPLC/132,SAPLC/132
3241,SAPLC/133,SAPLC/133
3242,SAPLC/134,SAPLC/134
3243,SAPLC/135,SAPLC/135
3244,SAPLC/136,SAPLC/136
3245,SAPLC/137,SAPLC/137
3246,SAPLC/139,SAPLC/139
3247,SAPLC/140,SAPLC/140
3248,SAPLC/142,SAPLC/142
3249,SAPLC/143,SAPLC/143
3250,SAPLC/144,SAPLC/144
3251,SAPLC/145,SAPLC/145
3252,SAPLC/15,SAPLC/15
3253,SAPLC/150,SAPLC/150
3254,SAPLC/151,SAPLC/151
3255,SAPLC/152,SAPLC/152
3256,SAPLC/153,SAPLC/153
3257,SAPLC/154,SAPLC/154
3258,SAPLC/155,SAPLC/155
3259,SAPLC/156,SAPLC/156
3260,SAPLC/157,SAPLC/157
3261,SAPLC/158,SAPLC/158
3262,SAPLC/159,SAPLC/159
3263,SAPLC/160,SAPLC/160
3264,SAPLC/161,SAPLC/161
3265,SAPLC/162,SAPLC/162
3266,SAPLC/163,SAPLC/163
3267,SAPLC/164,SAPLC/164
3268,SAPLC/169,SAPLC/169
3269,SAPLC/170,SAPLC/170
3270,SAPLC/171,SAPLC/171
3271,SAPLC/172,SAPLC/172
3272,SAPLC/173,SAPLC/173
3273,SAPLC/174,SAPLC/174
3274,SAPLC/175,SAPLC/175
3275,SAPLC/176,SAPLC/176
3276,SAPLC/177,SAPLC/177
3277,SAPLC/178,SAPLC/178
3278,SAPLC/179,SAPLC/179
3279,SAPLC/180,SAPLC/180
3280,SAPLC/182,SAPLC/182
3281,SAPLC/183,SAPLC/183
3282,SAPLC/184,SAPLC/184
3283,SAPLC/185,SAPLC/185
3284,SAPLC/186,SAPLC/186
3285,SAPLC/187,SAPLC/187
3286,SAPLC/188,SAPLC/188
3287,SAPLC/189,SAPLC/189
3288,SAPLC/190,SAPLC/190
3289,SAPLC/191,SAPLC/191
3290,SAPLC/192,SAPLC/192
3291,SAPLC/193,SAPLC/193
3292,SAPLC/194,SAPLC/194
3293,SAPLC/195,SAPLC/195
3294,SAPLC/197,SAPLC/197
3295,SAPLC/198,SAPLC/198
3296,SAPLC/199,SAPLC/199
3297,SAPLC/2,SAPLC/2
3298,SAPLC/201,SAPLC/201
3299,SAPLC/202,SAPLC/202
3300,SAPLC/203,SAPLC/203
3301,SAPLC/206,SAPLC/206
3302,SAPLC/207,SAPLC/207
3303,SAPLC/208,SAPLC/208
3304,SAPLC/209,SAPLC/209
3305,SAPLC/210,SAPLC/210
3306,SAPLC/211,SAPLC/211
3307,SAPLC/212,SAPLC/212
3308,SAPLC/213,SAPLC/213
3309,SAPLC/214,SAPLC/214
3310,SAPLC/216,SAPLC/216
3311,SAPLC/23,SAPLC/23
3312,SAPLC/24,SAPLC/24
3313,SAPLC/25,SAPLC/25
3314,SAPLC/26,SAPLC/26
3315,SAPLC/3,SAPLC/3
3316,SAPLC/30,SAPLC/30
3317,SAPLC/31,SAPLC/31
3318,SAPLC/32,SAPLC/32
3319,SAPLC/33,SAPLC/33
3320,SAPLC/35,SAPLC/35
3321,SAPLC/36,SAPLC/36
3322,SAPLC/37,SAPLC/37
3323,SAPLC/4,SAPLC/4
3324,SAPLC/40,SAPLC/40
3325,SAPLC/42,SAPLC/42
3326,SAPLC/46,SAPLC/46
3327,SAPLC/47,SAPLC/47
3328,SAPLC/48,SAPLC/48
3329,SAPLC/49,SAPLC/49
3330,SAPLC/5,SAPLC/5
3331,SAPLC/50,SAPLC/50
3332,SAPLC/51,SAPLC/51
3333,SAPLC/56,SAPLC/56
3334,SAPLC/58,SAPLC/58
3335,SAPLC/60,SAPLC/60
3336,SAPLC/61,SAPLC/61
3337,SAPLC/62,SAPLC/62
3338,SAPLC/63,SAPLC/63
3339,SAPLC/64,SAPLC/64
3340,SAPLC/65,SAPLC/65
3341,SAPLC/66,SAPLC/66
3342,SAPLC/67,SAPLC/67
3343,SAPLC/68,SAPLC/68
3344,SAPLC/69,SAPLC/69
3345,SAPLC/7,SAPLC/7
3346,SAPLC/70,SAPLC/70
3347,SAPLC/71,SAPLC/71
3348,SAPLC/72,SAPLC/72
3349,SAPLC/73,SAPLC/73
3350,SAPLC/74,SAPLC/74
3351,SAPLC/75,SAPLC/75
3352,SAPLC/76,SAPLC/76
3353,SAPLC/77,SAPLC/77
3354,SAPLC/78,SAPLC/78
3355,SAPLC/80,SAPLC/80
3356,SAPLC/81,SAPLC/81
3357,SAPLC/82,SAPLC/82
3358,SAPLC/83,SAPLC/83
3359,SAPLC/84,SAPLC/84
3360,SAPLC/85,SAPLC/85
3361,SAPLC/86,SAPLC/86
3362,SAPLC/89,SAPLC/89
3363,SAPLC/9,SAPLC/9
3364,SAPLC/90,SAPLC/90
3365,SAPLC/94,SAPLC/94
3366,SAPLC/96,SAPLC/96
3367,SAPLC/97,SAPLC/97
3368,SAPLC/99,SAPLC/99
3369,SN/25,SN/25
3370,STD/10,NA/10
3371,STD/1001,STD/1001
3372,STD/1002,STD/1002
3373,STD/1003,STD/1003
3374,STD/1004,STD/1004
3375,STD/1006,STD/1006
3376,STD/1007,STD/1007
3377,STD/1008,STD/1008
3378,STD/1009,STD/1009
3379,STD/101,NA/101
3380,STD/1010,STD/1010
3381,STD/1011,STD/1011
3382,STD/1012,STD/1012
3383,STD/1013,STD/1013
3384,STD/1015,STD/1015
3385,STD/1016,STD/1016
3386,STD/1018,STD/1018
3387,STD/1019,STD/1019
3388,STD/1020,STD/1020
3389,STD/1021,STD/1021
3390,STD/1022,STD/1022
3391,STD/1023,STD/1023
3392,STD/1024,STD/1024
3393,STD/1025,STD/1025
3394,STD/1027,STD/1027
3395,STD/1028,STD/1028
3396,STD/1029,STD/1029
3397,STD/1031,STD/1031
3398,STD/1032,STD/1032
3399,STD/1033,STD/1033
3400,STD/1034,STD/1034
3401,STD/1035,STD/1035
3402,STD/1036,STD/1036
3403,STD/1038,STD/1038
3404,STD/1039,STD/1039
3405,STD/104,NA/104
3406,STD/1040,STD/1040
3407,STD/1041,STD/1041
3408,STD/1043,STD/1043
3409,STD/1044,STD/1044
3410,STD/1045,STD/1045
3411,STD/1046,STD/1046
3412,STD/1047,STD/1047
3413,STD/1048,STD/1048
3414,STD/1049,STD/1049
3415,STD/105,NA/105
3416,STD/1050,STD/1050
3417,STD/1051,STD/1051
3418,STD/1052,STD/1052
3419,STD/1053,STD/1053
3420,STD/1054,STD/1054
3421,STD/1055,STD/1055
3422,STD/1056,STD/1056
3423,STD/1058,STD/1058
3424,STD/1060,STD/1060
3425,STD/1061,STD/1061
3426,STD/1062,STD/1062
3427,STD/1065,STD/1065
3428,STD/1066,STD/1066
3429,STD/1067,STD/1067
3430,STD/1068,STD/1068
3431,STD/1069,STD/1069
3432,STD/1071,STD/1071
3433,STD/1073,STD/1073
3434,STD/1074,STD/1074
3435,STD/1076,STD/1076
3436,STD/1077,STD/1077
3437,STD/1078,STD/1078
3438,STD/1079,STD/1079
3439,STD/1080,STD/1080
3440,STD/1081,STD/1081
3441,STD/1082,STD/1082
3442,STD/1083,STD/1083
3443,STD/1084,STD/1084
3444,STD/1085,STD/1085
3445,STD/1086,STD/1086
3446,STD/1087,STD/1087
3447,STD/1088,STD/1088
3448,STD/1089,STD/1089
3449,STD/1090,STD/1090
3450,STD/1091,STD/1091
3451,STD/1092,STD/1092
3452,STD/1093,STD/1093
3453,STD/1094,STD/1094
3454,STD/1095,STD/1095
3455,STD/1096,STD/1096
3456,STD/1097,STD/1097
3457,STD/1098,STD/1098
3458,STD/1099,STD/1099
3459,STD/1100,STD/1100
3460,STD/1101,STD/1101
3461,STD/1102,STD/1102
3462,STD/1103,STD/1103
3463,STD/1104,STD/1104
3464,STD/1106,STD/1106
3465,STD/1107,STD/1107
3466,STD/1108,STD/1108
3467,STD/1109,STD/1109
3468,STD/1110,STD/1110
3469,STD/1111,STD/1111
3470,STD/1112,STD/1112
3471,STD/1113,STD/1113
3472,STD/1115,STD/1115
3473,STD/1116,STD/1116
3474,STD/1117,STD/1117
3475,STD/1118,STD/1118
3476,STD/1119,STD/1119
3477,STD/112,NA/112
3478,STD/1120,STD/1120
3479,STD/1122,STD/1122
3480,STD/1123,STD/1123
3481,STD/1124,STD/1124
3482,STD/1125,STD/1125
3483,STD/1128,STD/1128
3484,STD/1129,STD/1129
3485,STD/1130,STD/1130
3486,STD/1131,STD/1131
3487,STD/1132,STD/1132
3488,STD/1133,STD/1133
3489,STD/1134,STD/1134
3490,STD/1135,STD/1135
3491,STD/1136,STD/1136
3492,STD/1137,STD/1137
3493,STD/1138,STD/1138
3494,STD/1139,STD/1139
3495,STD/114,NA/114
3496,STD/1140,STD/1140
3497,STD/1141,STD/1141
3498,STD/1142,STD/1142
3499,STD/1143,STD/1143
3500,STD/1144,STD/1144
3501,STD/1145,STD/1145
3502,STD/1146,STD/1146
3503,STD/1147,STD/1147
3504,STD/1148,STD/1148
3505,STD/1149,STD/1149
3506,STD/1150,STD/1150
3507,STD/1151,STD/1151
3508,STD/1153,STD/1153
3509,STD/1154,STD/1154
3510,STD/1155,STD/1155
3511,STD/1156,STD/1156
3512,STD/1157,STD/1157
3513,STD/1158,STD/1158
3514,STD/1159,STD/1159
3515,STD/1160,STD/1160
3516,STD/1162,STD/1162
3517,STD/1163,STD/1163
3518,STD/1164,STD/1164
3519,STD/1165,STD/1165
3520,STD/1166,STD/1166
3521,STD/1167,STD/1167
3522,STD/1168,STD/1168
3523,STD/1169,STD/1169
3524,STD/117,NA/117
3525,STD/1171,STD/1171
3526,STD/1172,STD/1172
3527,STD/1174,STD/1174
3528,STD/1175,STD/1175
3529,STD/1176,STD/1176
3530,STD/1177,STD/1177
3531,STD/1178,STD/1178
3532,STD/1179,STD/1179
3533,STD/1180,STD/1180
3534,STD/1181,STD/1181
3535,STD/1182,STD/1182
3536,STD/1183,STD/1183
3537,STD/1184,STD/1184
3538,STD/1185,STD/1185
3539,STD/1186,STD/1186
3540,STD/1187,STD/1187
3541,STD/1189,STD/1189
3542,STD/1190,STD/1190
3543,STD/1191,STD/1191
3544,STD/1192,STD/1192
3545,STD/1193,STD/1193
3546,STD/1194,STD/1194
3547,STD/1195,STD/1195
3548,STD/1196,STD/1196
3549,STD/1197,STD/1197
3550,STD/1198,STD/1198
3551,STD/1199,STD/1199
3552,STD/1200,STD/1200
3553,STD/1201,STD/1201
3554,STD/1202,STD/1202
3555,STD/1203,STD/1203
3556,STD/1206,STD/1206
3557,STD/1207,STD/1207
3558,STD/1209,STD/1209
3559,STD/121,NA/121
3560,STD/1210,STD/1210
3561,STD/1212,STD/1212
3562,STD/1213,STD/1213
3563,STD/1215,STD/1215
3564,STD/1216,STD/1216
3565,STD/1217,STD/1217
3566,STD/1218,STD/1218
3567,STD/1219,STD/1219
3568,STD/122,NA/122
3569,STD/1220,STD/1220
3570,STD/1221,STD/1221
3571,STD/1222,STD/1222
3572,STD/1223,STD/1223
3573,STD/1224,STD/1224
3574,STD/1225,STD/1225
3575,STD/1227,STD/1227
3576,STD/1228,STD/1228
3577,STD/123,NA/123
3578,STD/1230,STD/1230
3579,STD/1231,STD/1231
3580,STD/1232,STD/1232
3581,STD/1233,STD/1233
3582,STD/1234,STD/1234
3583,STD/1235,STD/1235
3584,STD/1236,STD/1236
3585,STD/1237,STD/1237
3586,STD/1238,STD/1238
3587,STD/1239,STD/1239
3588,STD/1240,STD/1240
3589,STD/1241,STD/1241
3590,STD/1242,STD/1242
3591,STD/1243,STD/1243
3592,STD/1244,STD/1244
3593,STD/1245,STD/1245
3594,STD/1246,STD/1246
3595,STD/1247,STD/1247
3596,STD/1249,STD/1249
3597,STD/125,NA/125
3598,STD/1250,STD/1250
3599,STD/1251,STD/1251
3600,STD/1252,STD/1252
3601,STD/1253,STD/1253
3602,STD/1254,STD/1254
3603,STD/1255,STD/1255
3604,STD/1256,STD/1256
3605,STD/1257,STD/1257
3606,STD/1258,STD/1258
3607,STD/1258S,STD/1258S
3608,STD/1259,STD/1259
3609,STD/1260,STD/1260
3610,STD/1261,STD/1261
3611,STD/1262,STD/1262
3612,STD/1263,STD/1263
3613,STD/1264,STD/1264
3614,STD/1265,STD/1265
3615,STD/1267,STD/1267
3616,STD/1268,STD/1268
3617,STD/1269,STD/1269
3618,STD/1270,STD/1270
3619,STD/1271,STD/1271
3620,STD/1272,STD/1272
3621,STD/1273,STD/1273
3622,STD/1274,STD/1274
3623,STD/1275,STD/1275
3624,STD/1276,STD/1276
3625,STD/1277,STD/1277
3626,STD/1278,STD/1278
3627,STD/1280,STD/1280
3628,STD/1281,STD/1281
3629,STD/1282,STD/1282
3630,STD/1283,STD/1283
3631,STD/1285,STD/1285
3632,STD/1287,STD/1287
3633,STD/1288,STD/1288
3634,STD/1289,STD/1289
3635,STD/1290,STD/1290
3636,STD/1291,STD/1291
3637,STD/1292,STD/1292
3638,STD/1293,STD/1293
3639,STD/1294,STD/1294
3640,STD/1295,STD/1295
3641,STD/1297,STD/1297
3642,STD/1298,STD/1298
3643,STD/1299,STD/1299
3644,STD/1300,STD/1300
3645,STD/1301,STD/1301
3646,STD/1302,STD/1302
3647,STD/1303,STD/1303
3648,STD/1304,STD/1304
3649,STD/1305,STD/1305
3650,STD/1306,STD/1306
3651,STD/1307,STD/1307
3652,STD/1308,STD/1308
3653,STD/1309,STD/1309
3654,STD/1310,STD/1310
3655,STD/1311,STD/1311
3656,STD/1312,STD/1312
3657,STD/1313,STD/1313
3658,STD/1314,STD/1314
3659,STD/1315,STD/1315
3660,STD/1316,STD/1316
3661,STD/1317,STD/1317
3662,STD/1318,STD/1318
3663,STD/1319,STD/1319
3664,STD/132,NA/132
3665,STD/1320,STD/1320
3666,STD/1321,STD/1321
3667,STD/1322,STD/1322
3668,STD/1323,STD/1323
3669,STD/1324,STD/1324
3670,STD/1325,STD/1325
3671,STD/1326,STD/1326
3672,STD/1327,STD/1327
3673,STD/1328,STD/1328
3674,STD/1329,STD/1329
3675,STD/133,NA/133
3676,STD/1330,STD/1330
3677,STD/1331,STD/1331
3678,STD/1332,STD/1332
3679,STD/1333,STD/1333
3680,STD/1334,STD/1334
3681,STD/1335,STD/1335
3682,STD/1336,STD/1336
3683,STD/1337,STD/1337
3684,STD/1338,STD/1338
3685,STD/1339,STD/1339
3686,STD/1340,STD/1340
3687,STD/1341,STD/1341
3688,STD/1342,STD/1342
3689,STD/1343,STD/1343
3690,STD/1344,STD/1344
3691,STD/1345,STD/1345
3692,STD/1346,STD/1346
3693,STD/1347,STD/1347
3694,STD/1348,STD/1348
3695,STD/135,NA/135
3696,STD/1350,STD/1350
3697,STD/1352,STD/1352
3698,STD/1353,STD/1353
3699,STD/1354,STD/1354
3700,STD/1355,STD/1355
3701,STD/1356,STD/1356
3702,STD/1357,STD/1357
3703,STD/1358,STD/1358
3704,STD/1359,STD/1359
3705,STD/1360,STD/1360
3706,STD/1361,STD/1361
3707,STD/1362,STD/1362
3708,STD/1363,STD/1363
3709,STD/1364,STD/1364
3710,STD/1365,STD/1365
3711,STD/1366,STD/1366
3712,STD/1367,STD/1367
3713,STD/1368,STD/1368
3714,STD/1369,STD/1369
3715,STD/1370,STD/1370
3716,STD/1371,STD/1371
3717,STD/1372,STD/1372
3718,STD/1374,STD/1374
3719,STD/1375,STD/1375
3720,STD/1376,STD/1376
3721,STD/1377,STD/1377
3722,STD/1378,STD/1378
3723,STD/1379,STD/1379
3724,STD/1381,STD/1381
3725,STD/1382,STD/1382
3726,STD/1383,STD/1383
3727,STD/1384,STD/1384
3728,STD/1385,STD/1385
3729,STD/1386,STD/1386
3730,STD/1387,STD/1387
3731,STD/1388,STD/1388
3732,STD/1389,STD/1389
3733,STD/1390,STD/1390
3734,STD/1391,STD/1391
3735,STD/1392,STD/1392
3736,STD/1393,STD/1393
3737,STD/1394,STD/1394
3738,STD/1395,STD/1395
3739,STD/1396,STD/1396
3740,STD/1397,STD/1397
3741,STD/1398,STD/1398
3742,STD/1399,STD/1399
3743,STD/14,NA/14
3744,STD/1400,STD/1400
3745,STD/1401,STD/1401
3746,STD/1402,STD/1402
3747,STD/1403,STD/1403
3748,STD/1404,STD/1404
3749,STD/1405,STD/1405
3750,STD/1406,STD/1406
3751,STD/1407,STD/1407
3752,STD/1408,STD/1408
3753,STD/1409,STD/1409
3754,STD/1410,STD/1410
3755,STD/1411,STD/1411
3756,STD/1412,STD/1412
3757,STD/1413,STD/1413
3758,STD/1414,STD/1414
3759,STD/1415,STD/1415
3760,STD/1416,STD/1416
3761,STD/1417,STD/1417
3762,STD/1418,STD/1418
3763,STD/1420,STD/1420
3764,STD/1421,STD/1421
3765,STD/1422,STD/1422
3766,STD/1423,STD/1423
3767,STD/1424,STD/1424
3768,STD/1425,STD/1425
3769,STD/1426,STD/1426
3770,STD/1427,STD/1427
3771,STD/1428,STD/1428
3772,STD/1429,STD/1429
3773,STD/1430,STD/1430
3774,STD/1431,STD/1431
3775,STD/1432,STD/1432
3776,STD/1433,STD/1433
3777,STD/1434,STD/1434
3778,STD/1435,STD/1435
3779,STD/1436,STD/1436
3780,STD/1437,STD/1437
3781,STD/1438,STD/1438
3782,STD/1439,STD/1439
3783,STD/1440,STD/1440
3784,STD/1441,STD/1441
3785,STD/1443,STD/1443
3786,STD/1444,STD/1444
3787,STD/1445,STD/1445
3788,STD/1446,STD/1446
3789,STD/1447,STD/1447
3790,STD/1448,STD/1448
3791,STD/1449,STD/1449
3792,STD/1450,STD/1450
3793,STD/1451,STD/1451
3794,STD/1452,STD/1452
3795,STD/1453,STD/1453
3796,STD/1454,STD/1454
3797,STD/1455,STD/1455
3798,STD/1456,STD/1456
3799,STD/1458,STD/1458
3800,STD/1459,STD/1459
3801,STD/1460,STD/1460
3802,STD/1462,STD/1462
3803,STD/1463,STD/1463
3804,STD/1464,STD/1464
3805,STD/1465,STD/1465
3806,STD/1466,STD/1466
3807,STD/1467,STD/1467
3808,STD/1468,STD/1468
3809,STD/1469,STD/1469
3810,STD/1470,STD/1470
3811,STD/1471,STD/1471
3812,STD/1472,STD/1472
3813,STD/1473,STD/1473
3814,STD/1474,STD/1474
3815,STD/1475,STD/1475
3816,STD/1477,STD/1477
3817,STD/1478,STD/1478
3818,STD/1479,STD/1479
3819,STD/148,NA/148
3820,STD/1480,STD/1480
3821,STD/1482,STD/1482
3822,STD/1483,STD/1483
3823,STD/1484,STD/1484
3824,STD/1485,STD/1485
3825,STD/1486,STD/1486
3826,STD/1487,STD/1487
3827,STD/1488,STD/1488
3828,STD/1489,STD/1489
3829,STD/1490,STD/1490
3830,STD/1491,STD/1491
3831,STD/1492,STD/1492
3832,STD/1493,STD/1493
3833,STD/1494,STD/1494
3834,STD/1495,STD/1495
3835,STD/1496,STD/1496
3836,STD/1497,STD/1497
3837,STD/1498,STD/1498
3838,STD/1499,STD/1499
3839,STD/15,NA/15
3840,STD/1501,STD/1501
3841,STD/1502,STD/1502
3842,STD/1503,STD/1503
3843,STD/1504,STD/1504
3844,STD/1505,STD/1505
3845,STD/1506,STD/1506
3846,STD/1507,STD/1507
3847,STD/1508,STD/1508
3848,STD/1509,STD/1509
3849,STD/1510,STD/1510
3850,STD/1511,STD/1511
3851,STD/1512,STD/1512
3852,STD/1513,STD/1513
3853,STD/1514,STD/1514
3854,STD/1515,STD/1515
3855,STD/1516,STD/1516
3856,STD/1517,STD/1517
3857,STD/1518,STD/1518
3858,STD/1519,STD/1519
3859,STD/1520,STD/1520
3860,STD/1522,STD/1522
3861,STD/1523,STD/1523
3862,STD/1524,STD/1524
3863,STD/1525,STD/1525
3864,STD/1526,STD/1526
3865,STD/1527,STD/1527
3866,STD/1528,STD/1528
3867,STD/1529,STD/1529
3868,STD/1530,STD/1530
3869,STD/1531,STD/1531
3870,STD/1532,STD/1532
3871,STD/1533,STD/1533
3872,STD/1534,STD/1534
3873,STD/1535,STD/1535
3874,STD/1536,STD/1536
3875,STD/1537,STD/1537
3876,STD/1538,STD/1538
3877,STD/154,NA/154
3878,STD/1540,STD/1540
3879,STD/1541,STD/1541
3880,STD/1542,STD/1542
3881,STD/1543,STD/1543
3882,STD/1544,STD/1544
3883,STD/1545,STD/1545
3884,STD/1546,STD/1546
3885,STD/1547,STD/1547
3886,STD/1548,STD/1548
3887,STD/1549,STD/1549
3888,STD/1550,STD/1550
3889,STD/1551,STD/1551
3890,STD/1552,STD/1552
3891,STD/1553,STD/1553
3892,STD/1554,STD/1554
3893,STD/1555,STD/1555
3894,STD/1556,STD/1556
3895,STD/1559,STD/1559
3896,STD/156,NA/156
3897,STD/1560,STD/1560
3898,STD/1561,STD/1561
3899,STD/1562,STD/1562
3900,STD/1563,STD/1563
3901,STD/1564,STD/1564
3902,STD/1565,STD/1565
3903,STD/1566,STD/1566
3904,STD/1567,STD/1567
3905,STD/1568,STD/1568
3906,STD/1569,STD/1569
3907,STD/1570,STD/1570
3908,STD/1571,STD/1571
3909,STD/1572,STD/1572
3910,STD/1573,STD/1573
3911,STD/1574,STD/1574
3912,STD/1575,STD/1575
3913,STD/1576,STD/1576
3914,STD/1577,STD/1577
3915,STD/1578,STD/1578
3916,STD/1579,STD/1579
3917,STD/1580,STD/1580
3918,STD/1581,STD/1581
3919,STD/1582,STD/1582
3920,STD/1583,STD/1583
3921,STD/1584,STD/1584
3922,STD/1585,STD/1585
3923,STD/1586,STD/1586
3924,STD/1587,STD/1587
3925,STD/1588,STD/1588
3926,STD/1589,STD/1589
3927,STD/159,NA/159
3928,STD/1590,STD/1590
3929,STD/1592,STD/1592
3930,STD/1593,STD/1593
3931,STD/1594,STD/1594
3932,STD/1595,STD/1595
3933,STD/1596,STD/1596
3934,STD/1597,STD/1597
3935,STD/1598,STD/1598
3936,STD/1599,STD/1599
3937,STD/160,NA/160
3938,STD/1600,STD/1600
3939,STD/1601,STD/1601
3940,STD/1602,STD/1602
3941,STD/1604,STD/1604
3942,STD/1605,STD/1605
3943,STD/1606,STD/1606
3944,STD/1607,STD/1607
3945,STD/1608,STD/1608
3946,STD/1609,STD/1609
3947,STD/161,NA/161
3948,STD/1611,STD/1611
3949,STD/1612,STD/1612
3950,STD/1613,STD/1613
3951,STD/1614,STD/1614
3952,STD/1615,STD/1615
3953,STD/1616,STD/1616
3954,STD/1617,STD/1617
3955,STD/1618,STD/1618
3956,STD/1619,STD/1619
3957,STD/1620,STD/1620
3958,STD/1621,STD/1621
3959,STD/1622,STD/1622
3960,STD/1623,STD/1623
3961,STD/1625,STD/1625
3962,STD/1626,STD/1626
3963,STD/1627,STD/1627
3964,STD/1628,STD/1628
3965,STD/1629,STD/1629
3966,STD/1630,STD/1630
3967,STD/1631,STD/1631
3968,STD/1632,STD/1632
3969,STD/1633,STD/1633
3970,STD/1634,STD/1634
3971,STD/1635,STD/1635
3972,STD/1635,STD/1635
3973,STD/1636,STD/1636
3974,STD/1637,STD/1637
3975,STD/1638,STD/1638
3976,STD/1639,STD/1639
3977,STD/164,NA/164
3978,STD/1640,STD/1640
3979,STD/1641,STD/1641
3980,STD/1647,STD/1647
3981,STD/1648,STD/1648
3982,STD/1649,STD/1649
3983,STD/1650,STD/1650
3984,STD/1651,STD/1651
3985,STD/1652,STD/1652
3986,STD/1653,STD/1653
3987,STD/1654,STD/1654
3988,STD/1655,STD/1655
3989,STD/1656,STD/1656
3990,STD/1657,STD/1657
3991,STD/1660,STD/1660
3992,STD/1661,STD/1661
3993,STD/1662,STD/1662
3994,STD/1663,STD/1663
3995,STD/1664,STD/1664
3996,STD/1665,STD/1665
3997,STD/1666,STD/1666
3998,STD/1667,STD/1667
3999,STD/1669,STD/1669
4000,STD/1670,STD/1670
4001,STD/1671,STD/1671
4002,STD/1672,STD/1672
4003,STD/1674,STD/1674
4004,STD/1675,STD/1675
4005,STD/1676,STD/1676
4006,STD/1677,STD/1677
4007,STD/1678,STD/1678
4008,STD/168,NA/168
4009,STD/1680,STD/1680
4010,STD/1681,STD/1681
4011,STD/1682,STD/1682
4012,STD/1683,STD/1683
4013,STD/1684,STD/1684
4014,STD/1685,STD/1685
4015,STD/1686,STD/1686
4016,STD/1687,STD/1687
4017,STD/1688,STD/1688
4018,STD/1689,STD/1689
4019,STD/1690,STD/1690
4020,STD/1691,STD/1691
4021,STD/1692,STD/1692
4022,STD/1693,STD/1693
4023,STD/1697,STD/1697
4024,STD/1698,STD/1698
4025,STD/1699,STD/1699
4026,STD/1700,STD/1700
4027,STD/1702,STD/1702
4028,STD/1703,STD/1703
4029,STD/1704,STD/1704
4030,STD/1705,STD/1705
4031,STD/1706,STD/1706
4032,STD/1707,STD/1707
4033,STD/1708,STD/1708
4034,STD/1709,STD/1709
4035,STD/1710,STD/1710
4036,STD/1711,STD/1711
4037,STD/1712,STD/1712
4038,STD/1713,STD/1713
4039,STD/1714,STD/1714
4040,STD/1715,STD/1715
4041,STD/1716,STD/1716
4042,STD/1717,STD/1717
4043,STD/1718,STD/1718
4044,STD/1719,STD/1719
4045,STD/1720,STD/1720
4046,STD/1721,STD/1721
4047,STD/1723,STD/1723
4048,STD/1724,STD/1724
4049,STD/1725,STD/1725
4050,STD/1726,STD/1726
4051,STD/1727,STD/1727
4052,STD/1728,STD/1728
4053,STD/1729,STD/1729
4054,STD/1730,STD/1730
4055,STD/1731,STD/1731
4056,STD/1733,STD/1733
4057,STD/1735,STD/1735
4058,STD/1736,STD/1736
4059,STD/1737,STD/1737
4060,STD/1739,STD/1739
4061,STD/174,NA/174
4062,STD/177,NA/177
4063,STD/178,NA/178
4064,STD/179,NA/179
4065,STD/180,NA/180
4066,STD/183,NA/183
4067,STD/184,NA/184
4068,STD/185,NA/185
4069,STD/190,NA/190
4070,STD/191,NA/191
4071,STD/193,NA/193
4072,STD/194,NA/194
4073,STD/210,NA/210
4074,STD/211,NA/211
4075,STD/214,NA/214
4076,STD/215,NA/215
4077,STD/216,NA/216
4078,STD/22,NA/22
4079,STD/220,NA/220
4080,STD/221,NA/221
4081,STD/225,NA/225
4082,STD/226,NA/226
4083,STD/229,NA/229
4084,STD/230,NA/230
4085,STD/231,NA/231
4086,STD/232,NA/232
4087,STD/233,NA/233
4088,STD/233,NA/233
4089,STD/238,NA/238
4090,STD/240,NA/240
4091,STD/241,NA/241
4092,STD/243,NA/243
4093,STD/245,NA/245
4094,STD/246,NA/246
4095,STD/249,NA/249
4096,STD/25,NA/25
4097,STD/251,NA/251
4098,STD/253,NA/253
4099,STD/254,NA/254
4100,STD/255,NA/255
4101,STD/256,NA/256
4102,STD/258,NA/258
4103,STD/259,NA/259
4104,STD/260,NA/260
4105,STD/262,NA/262
4106,STD/264,NA/264
4107,STD/267,NA/267
4108,STD/268,NA/268
4109,STD/269,NA/269
4110,STD/270,NA/270
4111,STD/271,NA/271
4112,STD/272,NA/272
4113,STD/273,NA/273
4114,STD/278,NA/278
4115,STD/279,NA/279
4116,STD/281,NA/281
4117,STD/287,NA/287
4118,STD/288,NA/288
4119,STD/290,NA/290
4120,STD/291,NA/291
4121,STD/297,NA/297
4122,STD/298,NA/298
4123,STD/303,NA/303
4124,STD/304,NA/304
4125,STD/305,NA/305
4126,STD/309,NA/309
4127,STD/31,NA/31
4128,STD/311,NA/311
4129,STD/317,NA/317
4130,STD/318,NA/318
4131,STD/319,NA/319
4132,STD/320,NA/320
4133,STD/323,NA/323
4134,STD/328,NA/328
4135,STD/329,NA/329
4136,STD/33,NA/33
4137,STD/330,NA/330
4138,STD/331,NA/331
4139,STD/332,NA/332
4140,STD/333,NA/333
4141,STD/334,NA/334
4142,STD/335,NA/335
4143,STD/337,NA/337
4144,STD/338,NA/338
4145,STD/339,NA/339
4146,STD/347,NA/347
4147,STD/350,NA/350
4148,STD/355,NA/355
4149,STD/357,NA/357
4150,STD/360,NA/360
4151,STD/363,NA/363
4152,STD/376,NA/376
4153,STD/377,NA/377
4154,STD/385,NA/385
4155,STD/386,NA/386
4156,STD/387,NA/387
4157,STD/387,NA/387
4158,STD/388,NA/388
4159,STD/395,NA/395
4160,STD/396,NA/396
4161,STD/397,NA/397
4162,STD/406,NA/406
4163,STD/408,NA/408
4164,STD/415,NA/415
4165,STD/417,NA/417
4166,STD/418,NA/418
4167,STD/423,NA/423
4168,STD/427,NA/427
4169,STD/428,NA/428
4170,STD/434,NA/434
4171,STD/439,NA/439
4172,STD/449,NA/449
4173,STD/451,NA/451
4174,STD/452,NA/452
4175,STD/46,NA/46
4176,STD/461,NA/461
4177,STD/462,NA/462
4178,STD/465,NA/465
4179,STD/467,NA/467
4180,STD/468,NA/468
4181,STD/47,NA/47
4182,STD/471,NA/471
4183,STD/476,NA/476
4184,STD/477,NA/477
4185,STD/480,NA/480
4186,STD/482,NA/482
4187,STD/485,NA/485
4188,STD/486,NA/486
4189,STD/487,NA/487
4190,STD/492,NA/492
4191,STD/496,NA/496
4192,STD/497,NA/497
4193,STD/498,NA/498
4194,STD/499,NA/499
4195,STD/50,NA/50
4196,STD/500,NA/500
4197,STD/501,NA/501
4198,STD/502,NA/502
4199,STD/503,NA/503
4200,STD/504,NA/504
4201,STD/505,NA/505
4202,STD/507,NA/507
4203,STD/514,NA/514
4204,STD/519,NA/519
4205,STD/52,NA/52
4206,STD/521,NA/521
4207,STD/522,NA/522
4208,STD/523,NA/523
4209,STD/53,NA/53
4210,STD/534,NA/534
4211,STD/535,NA/535
4212,STD/536,NA/536
4213,STD/537,NA/537
4214,STD/538,NA/538
4215,STD/541,NA/541
4216,STD/544,NA/544
4217,STD/547,NA/547
4218,STD/548,NA/548
4219,STD/549,NA/549
4220,STD/55,NA/55
4221,STD/550,NA/550
4222,STD/554,NA/554
4223,STD/56,NA/56
4224,STD/562,NA/562
4225,STD/563,NA/563
4226,STD/564,NA/564
4227,STD/565,NA/565
4228,STD/569,NA/569
4229,STD/570,NA/570
4230,STD/571,NA/571
4231,STD/572,NA/572
4232,STD/574,NA/574
4233,STD/575,NA/575
4234,STD/579,NA/579
4235,STD/580,NA/580
4236,STD/583,NA/583
4237,STD/584,NA/584
4238,STD/585,NA/585
4239,STD/587,NA/587
4240,STD/590,NA/590
4241,STD/592,NA/592
4242,STD/593,NA/593
4243,STD/595,NA/595
4244,STD/596,NA/596
4245,STD/597,NA/597
4246,STD/599,NA/599
4247,STD/6,NA/6
4248,STD/604,NA/604
4249,STD/605,NA/605
4250,STD/606,NA/606
4251,STD/608,NA/608
4252,STD/61,NA/61
4253,STD/611,NA/611
4254,STD/613,NA/613
4255,STD/615,NA/615
4256,STD/618,NA/618
4257,STD/625,NA/625
4258,STD/626,NA/626
4259,STD/628,NA/628
4260,STD/630,NA/630
4261,STD/631,NA/631
4262,STD/632,NA/632
4263,STD/633,NA/633
4264,STD/634,NA/634
4265,STD/635,NA/635
4266,STD/636,NA/636
4267,STD/637,NA/637
4268,STD/638,NA/638
4269,STD/639,NA/639
4270,STD/641,NA/641
4271,STD/642,NA/642
4272,STD/644,NA/644
4273,STD/648,NA/648
4274,STD/649,NA/649
4275,STD/65,NA/65
4276,STD/653,NA/653
4277,STD/654,NA/654
4278,STD/655,NA/655
4279,STD/657,NA/657
4280,STD/658,NA/658
4281,STD/661,NA/661
4282,STD/662,NA/662
4283,STD/665,NA/665
4284,STD/666,NA/666
4285,STD/667,NA/667
4286,STD/669,NA/669
4287,STD/67,NA/67
4288,STD/672,NA/672
4289,STD/679,NA/679
4290,STD/692,NA/692
4291,STD/693,NA/693
4292,STD/694,NA/694
4293,STD/70,NA/70
4294,STD/702,NA/702
4295,STD/703,NA/703
4296,STD/705,NA/705
4297,STD/709,NA/709
4298,STD/710,NA/710
4299,STD/711,NA/711
4300,STD/713,NA/713
4301,STD/714,NA/714
4302,STD/718,NA/718
4303,STD/72,NA/72
4304,STD/722,NA/722
4305,STD/724,NA/724
4306,STD/727,NA/727
4307,STD/728,NA/728
4308,STD/729,NA/729
4309,STD/73,NA/73
4310,STD/730,NA/730
4311,STD/731,NA/731
4312,STD/732,NA/732
4313,STD/733,NA/733
4314,STD/734,NA/734
4315,STD/735,NA/735
4316,STD/736,NA/736
4317,STD/738,NA/738
4318,STD/745,NA/745
4319,STD/747,NA/747
4320,STD/748,NA/748
4321,STD/749,NA/749
4322,STD/750,NA/750
4323,STD/754,NA/754
4324,STD/756,NA/756
4325,STD/761,NA/761
4326,STD/762,NA/762
4327,STD/764,NA/764
4328,STD/767,NA/767
4329,STD/771,NA/771
4330,STD/772,NA/772
4331,STD/773,NA/773
4332,STD/775,NA/775
4333,STD/776,NA/776
4334,STD/777,NA/777
4335,STD/778,NA/778
4336,STD/783,NA/783
4337,STD/784,NA/784
4338,STD/785,NA/785
4339,STD/80,NA/80
4340,STD/803,NA/803
4341,STD/804,NA/804
4342,STD/808,NA/808
4343,STD/81,NA/81
4344,STD/811,NA/811
4345,STD/813,NA/813
4346,STD/816,NA/816
4347,STD/817,NA/817
4348,STD/826,NA/826
4349,STD/835,NA/835
4350,STD/837,NA/837
4351,STD/838,NA/838
4352,STD/839,NA/839
4353,STD/84,NA/84
4354,STD/840,NA/840
4355,STD/843,NA/843
4356,STD/844,NA/844
4357,STD/847,NA/847
4358,STD/849,NA/849
4359,STD/850,NA/850
4360,STD/851,NA/851
4361,STD/853,NA/853
4362,STD/854,NA/854
4363,STD/855,NA/855
4364,STD/856,NA/856
4365,STD/857,NA/857
4366,STD/858,NA/858
4367,STD/861,NA/861
4368,STD/862,NA/862
4369,STD/864,NA/864
4370,STD/865,NA/865
4371,STD/866,NA/866
4372,STD/867,NA/867
4373,STD/869,NA/869
4374,STD/875,NA/875
4375,STD/878,NA/878
4376,STD/880,NA/880
4377,STD/883,NA/883
4378,STD/889,NA/889
4379,STD/890,NA/890
4380,STD/891,NA/891
4381,STD/892,NA/892
4382,STD/893,NA/893
4383,STD/894,NA/894
4384,STD/897,NA/897
4385,STD/899,NA/899
4386,STD/9,NA/9
4387,STD/900,NA/900
4388,STD/901,NA/901
4389,STD/902,NA/902
4390,STD/905,NA/905
4391,STD/907,NA/907
4392,STD/908,NA/908
4393,STD/913,NA/913
4394,STD/914,NA/914
4395,STD/917,NA/917
4396,STD/920,NA/920
4397,STD/922,NA/922
4398,STD/925,NA/925
4399,STD/93,NA/93
4400,STD/930,NA/930
4401,STD/940,NA/940
4402,STD/941,NA/941
4403,STD/946,NA/946
4404,STD/947,NA/947
4405,STD/948,NA/948
4406,STD/949,NA/949
4407,STD/955,NA/955
4408,STD/956,NA/956
4409,STD/957,NA/957
4410,STD/960,NA/960
4411,STD/963,NA/963
4412,STD/966,NA/966
4413,STD/967,NA/967
4414,STD/969,NA/969
4415,STD/971,NA/971
4416,STD/973,NA/973
4417,STD/976,NA/976
4418,STD/980,NA/980
4419,STD/982,NA/982
4420,STD/983,NA/983
4421,STD/984,NA/984
4422,STD/986,NA/986
4423,STD/987,NA/987
4424,STD/989,NA/989
4425,STD/991,NA/991
4426,STD/993,NA/993
4427,STD/998,NA/998
4428,STD/999,NA/999
